Workbook

Sheet Contrato
B1: REPORTE DOTACIONES + FTE | Z1: MES Y AÑO A INFORMAR | AH1: X
Z2: Julio | AE2: 2023
B5: NOMBRE EMPRESA | R5: RUT | Z5: Nº CONTRATO
Z7: (Nº SIGA 454000XXXX)
B9: ANTECEDENTES | H9: NOMBRES / APELLIDOS | R9: CORREOS | AB9: TELEFONOS
B11: ADC EECC
B12: RESPONSABLE RRHH
B13: ADC MLP
B14: RESPONSABLE REPORTE

Sheet Nomina_Perm_EnFaena
B1: A N T E C E D E N T E S G E N E R A L E S D E L T R A B A J A D O R P E R M A N E N T E | R1: ACOGIDOS A LEY 21.227 (PROTECCION AL EMPLEO) | T1: ACOGIDOS A LA LEY 21.220 | U1: JORNADA LABORAL | V1: Horas del mes (ingresar horas trabajadas correspondientes al turno de cada trabajador). Si el trabajador no estuvo presente, entonces registrar el valor 0 | BA1: Validaciones
B2: RUT | C2: NOMBRES | D2: APELLIDO PATERNO | E2: APELLIDO MATERNO | F2: FECHA NACIMIENTO | G2: TIPO CONTRATO | H2: TURNO | I2: CARGO | J2: FECHA INGRESO | K2: DOMICILIO PARTICULAR | L2: LOCALIDAD / CIUDAD | M2: REGION | N2: TELEFONO DE CONTACTO | O2: LUGAR DONDE PERNOCTAN | P2: N° DÍAS LICENCIA MEDICA | Q2: SEXO | R2: PACTO REDUCCION TEMPORAL | S2: PACTO SUSPENSION TEMPORAL | T2: TELETRABAJO | V2: 1 | W2: 2 | X2: 3 | Y2: 4 | Z2: 5 | AA2: 6 | AB2: 7 | AC2: 8 | AD2: 9 | AE2: 10 | AF2: 11 | AG2: 12 | AH2: 13 | AI2: 14 | AJ2: 15 | AK2: 16 | AL2: 17 | AM2: 18 | AN2: 19 | AO2: 20 | AP2: 21 | AQ2: 22 | AR2: 23 | AS2: 24 | AT2: 25 | AU2: 26 | AV2: 27 | AW2: 28 | AX2: 29 | AY2: 30 | AZ2: 31 | BA2: 1 | BB2: 2 | BC2: 3 | BD2: 4 | BE2: 5 | BF2: 6 | BG2: 7 | BH2: 8 | BI2: 9 | BJ2: 10 | BK2: 11 | BL2: 12 | BM2: 13 | BN2: 14 | BO2: 15 | BP2: 16 | BQ2: 17 | BR2: 18 | BS2: 19 | BT2: 20 | BU2: 21 | BV2: 22 | BW2: 23 | BX2: 24 | BY2: 25 | BZ2: 26 | CA2: 27 | CB2: 28 | CC2: 29 | CD2: 30 | CE2: 31
BA6: =IF(COUNTA($B6)=0,"",IFERROR(IF(V6<=VLOOKUP($H6,Listas!$J$2:$L$26,3,0),0,1),"T")) | BB6: =IF(COUNTA($B6)=0,"",IFERROR(IF(W6<=VLOOKUP($H6,Listas!$J$2:$L$26,3,0),0,1),"T")) | BC6: =IF(COUNTA($B6)=0,"",IFERROR(IF(X6<=VLOOKUP($H6,Listas!$J$2:$L$26,3,0),0,1),"T")) | BD6: =IF(COUNTA($B6)=0,"",IFERROR(IF(Y6<=VLOOKUP($H6,Listas!$J$2:$L$26,3,0),0,1),"T")) | BE6: =IF(COUNTA($B6)=0,"",IFERROR(IF(Z6<=VLOOKUP($H6,Listas!$J$2:$L$26,3,0),0,1),"T")) | BF6: =IF(COUNTA($B6)=0,"",IFERROR(IF(AA6<=VLOOKUP($H6,Listas!$J$2:$L$26,3,0),0,1),"T")) | BG6: =IF(COUNTA($B6)=0,"",IFERROR(IF(AB6<=VLOOKUP($H6,Listas!$J$2:$L$26,3,0),0,1),"T")) | BH6: =IF(COUNTA($B6)=0,"",IFERROR(IF(AC6<=VLOOKUP($H6,Listas!$J$2:$L$26,3,0),0,1),"T")) | ... CE6: =IF(COUNTA($B6)=0,"",IFERROR(IF(AZ6<=VLOOKUP($H6,Listas!$J$2:$L$26,3,0),0,1),"T"))
BA7: =IF(COUNTA($B7)=0,"",IFERROR(IF(V7<=VLOOKUP($H7,Listas!$J$2:$L$26,3,0),0,1),"T")) | BB7: =IF(COUNTA($B7)=0,"",IFERROR(IF(W7<=VLOOKUP($H7,Listas!$J$2:$L$26,3,0),0,1),"T")) | BC7: =IF(COUNTA($B7)=0,"",IFERROR(IF(X7<=VLOOKUP($H7,Listas!$J$2:$L$26,3,0),0,1),"T")) | BD7: =IF(COUNTA($B7)=0,"",IFERROR(IF(Y7<=VLOOKUP($H7,Listas!$J$2:$L$26,3,0),0,1),"T")) | BE7: =IF(COUNTA($B7)=0,"",IFERROR(IF(Z7<=VLOOKUP($H7,Listas!$J$2:$L$26,3,0),0,1),"T")) | BF7: =IF(COUNTA($B7)=0,"",IFERROR(IF(AA7<=VLOOKUP($H7,Listas!$J$2:$L$26,3,0),0,1),"T")) | BG7: =IF(COUNTA($B7)=0,"",IFERROR(IF(AB7<=VLOOKUP($H7,Listas!$J$2:$L$26,3,0),0,1),"T")) | BH7: =IF(COUNTA($B7)=0,"",IFERROR(IF(AC7<=VLOOKUP($H7,Listas!$J$2:$L$26,3,0),0,1),"T")) | ... CE7: =IF(COUNTA($B7)=0,"",IFERROR(IF(AZ7<=VLOOKUP($H7,Listas!$J$2:$L$26,3,0),0,1),"T"))
BA8: =IF(COUNTA($B8)=0,"",IFERROR(IF(V8<=VLOOKUP($H8,Listas!$J$2:$L$26,3,0),0,1),"T")) | BB8: =IF(COUNTA($B8)=0,"",IFERROR(IF(W8<=VLOOKUP($H8,Listas!$J$2:$L$26,3,0),0,1),"T")) | BC8: =IF(COUNTA($B8)=0,"",IFERROR(IF(X8<=VLOOKUP($H8,Listas!$J$2:$L$26,3,0),0,1),"T")) | BD8: =IF(COUNTA($B8)=0,"",IFERROR(IF(Y8<=VLOOKUP($H8,Listas!$J$2:$L$26,3,0),0,1),"T")) | BE8: =IF(COUNTA($B8)=0,"",IFERROR(IF(Z8<=VLOOKUP($H8,Listas!$J$2:$L$26,3,0),0,1),"T")) | BF8: =IF(COUNTA($B8)=0,"",IFERROR(IF(AA8<=VLOOKUP($H8,Listas!$J$2:$L$26,3,0),0,1),"T")) | BG8: =IF(COUNTA($B8)=0,"",IFERROR(IF(AB8<=VLOOKUP($H8,Listas!$J$2:$L$26,3,0),0,1),"T")) | BH8: =IF(COUNTA($B8)=0,"",IFERROR(IF(AC8<=VLOOKUP($H8,Listas!$J$2:$L$26,3,0),0,1),"T")) | ... CE8: =IF(COUNTA($B8)=0,"",IFERROR(IF(AZ8<=VLOOKUP($H8,Listas!$J$2:$L$26,3,0),0,1),"T"))
BA9: =IF(COUNTA($B9)=0,"",IFERROR(IF(V9<=VLOOKUP($H9,Listas!$J$2:$L$26,3,0),0,1),"T")) | BB9: =IF(COUNTA($B9)=0,"",IFERROR(IF(W9<=VLOOKUP($H9,Listas!$J$2:$L$26,3,0),0,1),"T")) | BC9: =IF(COUNTA($B9)=0,"",IFERROR(IF(X9<=VLOOKUP($H9,Listas!$J$2:$L$26,3,0),0,1),"T")) | BD9: =IF(COUNTA($B9)=0,"",IFERROR(IF(Y9<=VLOOKUP($H9,Listas!$J$2:$L$26,3,0),0,1),"T")) | BE9: =IF(COUNTA($B9)=0,"",IFERROR(IF(Z9<=VLOOKUP($H9,Listas!$J$2:$L$26,3,0),0,1),"T")) | BF9: =IF(COUNTA($B9)=0,"",IFERROR(IF(AA9<=VLOOKUP($H9,Listas!$J$2:$L$26,3,0),0,1),"T")) | BG9: =IF(COUNTA($B9)=0,"",IFERROR(IF(AB9<=VLOOKUP($H9,Listas!$J$2:$L$26,3,0),0,1),"T")) | BH9: =IF(COUNTA($B9)=0,"",IFERROR(IF(AC9<=VLOOKUP($H9,Listas!$J$2:$L$26,3,0),0,1),"T")) | ... CE9: =IF(COUNTA($B9)=0,"",IFERROR(IF(AZ9<=VLOOKUP($H9,Listas!$J$2:$L$26,3,0),0,1),"T"))
BA10: =IF(COUNTA($B10)=0,"",IFERROR(IF(V10<=VLOOKUP($H10,Listas!$J$2:$L$26,3,0),0,1),"T")) | BB10: =IF(COUNTA($B10)=0,"",IFERROR(IF(W10<=VLOOKUP($H10,Listas!$J$2:$L$26,3,0),0,1),"T")) | BC10: =IF(COUNTA($B10)=0,"",IFERROR(IF(X10<=VLOOKUP($H10,Listas!$J$2:$L$26,3,0),0,1),"T")) | BD10: =IF(COUNTA($B10)=0,"",IFERROR(IF(Y10<=VLOOKUP($H10,Listas!$J$2:$L$26,3,0),0,1),"T")) | BE10: =IF(COUNTA($B10)=0,"",IFERROR(IF(Z10<=VLOOKUP($H10,Listas!$J$2:$L$26,3,0),0,1),"T")) | BF10: =IF(COUNTA($B10)=0,"",IFERROR(IF(AA10<=VLOOKUP($H10,Listas!$J$2:$L$26,3,0),0,1),"T")) | BG10: =IF(COUNTA($B10)=0,"",IFERROR(IF(AB10<=VLOOKUP($H10,Listas!$J$2:$L$26,3,0),0,1),"T")) | BH10: =IF(COUNTA($B10)=0,"",IFERROR(IF(AC10<=VLOOKUP($H10,Listas!$J$2:$L$26,3,0),0,1),"T")) | ... CE10: =IF(COUNTA($B10)=0,"",IFERROR(IF(AZ10<=VLOOKUP($H10,Listas!$J$2:$L$26,3,0),0,1),"T"))
BA11: =IF(COUNTA($B11)=0,"",IFERROR(IF(V11<=VLOOKUP($H11,Listas!$J$2:$L$26,3,0),0,1),"T")) | BB11: =IF(COUNTA($B11)=0,"",IFERROR(IF(W11<=VLOOKUP($H11,Listas!$J$2:$L$26,3,0),0,1),"T")) | BC11: =IF(COUNTA($B11)=0,"",IFERROR(IF(X11<=VLOOKUP($H11,Listas!$J$2:$L$26,3,0),0,1),"T")) | BD11: =IF(COUNTA($B11)=0,"",IFERROR(IF(Y11<=VLOOKUP($H11,Listas!$J$2:$L$26,3,0),0,1),"T")) | BE11: =IF(COUNTA($B11)=0,"",IFERROR(IF(Z11<=VLOOKUP($H11,Listas!$J$2:$L$26,3,0),0,1),"T")) | BF11: =IF(COUNTA($B11)=0,"",IFERROR(IF(AA11<=VLOOKUP($H11,Listas!$J$2:$L$26,3,0),0,1),"T")) | BG11: =IF(COUNTA($B11)=0,"",IFERROR(IF(AB11<=VLOOKUP($H11,Listas!$J$2:$L$26,3,0),0,1),"T")) | BH11: =IF(COUNTA($B11)=0,"",IFERROR(IF(AC11<=VLOOKUP($H11,Listas!$J$2:$L$26,3,0),0,1),"T")) | ... CE11: =IF(COUNTA($B11)=0,"",IFERROR(IF(AZ11<=VLOOKUP($H11,Listas!$J$2:$L$26,3,0),0,1),"T"))
BA12: =IF(COUNTA($B12)=0,"",IFERROR(IF(V12<=VLOOKUP($H12,Listas!$J$2:$L$26,3,0),0,1),"T")) | BB12: =IF(COUNTA($B12)=0,"",IFERROR(IF(W12<=VLOOKUP($H12,Listas!$J$2:$L$26,3,0),0,1),"T")) | BC12: =IF(COUNTA($B12)=0,"",IFERROR(IF(X12<=VLOOKUP($H12,Listas!$J$2:$L$26,3,0),0,1),"T")) | BD12: =IF(COUNTA($B12)=0,"",IFERROR(IF(Y12<=VLOOKUP($H12,Listas!$J$2:$L$26,3,0),0,1),"T")) | BE12: =IF(COUNTA($B12)=0,"",IFERROR(IF(Z12<=VLOOKUP($H12,Listas!$J$2:$L$26,3,0),0,1),"T")) | BF12: =IF(COUNTA($B12)=0,"",IFERROR(IF(AA12<=VLOOKUP($H12,Listas!$J$2:$L$26,3,0),0,1),"T")) | BG12: =IF(COUNTA($B12)=0,"",IFERROR(IF(AB12<=VLOOKUP($H12,Listas!$J$2:$L$26,3,0),0,1),"T")) | BH12: =IF(COUNTA($B12)=0,"",IFERROR(IF(AC12<=VLOOKUP($H12,Listas!$J$2:$L$26,3,0),0,1),"T")) | ... CE12: =IF(COUNTA($B12)=0,"",IFERROR(IF(AZ12<=VLOOKUP($H12,Listas!$J$2:$L$26,3,0),0,1),"T"))
BA13: =IF(COUNTA($B13)=0,"",IFERROR(IF(V13<=VLOOKUP($H13,Listas!$J$2:$L$26,3,0),0,1),"T")) | BB13: =IF(COUNTA($B13)=0,"",IFERROR(IF(W13<=VLOOKUP($H13,Listas!$J$2:$L$26,3,0),0,1),"T")) | BC13: =IF(COUNTA($B13)=0,"",IFERROR(IF(X13<=VLOOKUP($H13,Listas!$J$2:$L$26,3,0),0,1),"T")) | BD13: =IF(COUNTA($B13)=0,"",IFERROR(IF(Y13<=VLOOKUP($H13,Listas!$J$2:$L$26,3,0),0,1),"T")) | BE13: =IF(COUNTA($B13)=0,"",IFERROR(IF(Z13<=VLOOKUP($H13,Listas!$J$2:$L$26,3,0),0,1),"T")) | BF13: =IF(COUNTA($B13)=0,"",IFERROR(IF(AA13<=VLOOKUP($H13,Listas!$J$2:$L$26,3,0),0,1),"T")) | BG13: =IF(COUNTA($B13)=0,"",IFERROR(IF(AB13<=VLOOKUP($H13,Listas!$J$2:$L$26,3,0),0,1),"T")) | BH13: =IF(COUNTA($B13)=0,"",IFERROR(IF(AC13<=VLOOKUP($H13,Listas!$J$2:$L$26,3,0),0,1),"T")) | ... CE13: =IF(COUNTA($B13)=0,"",IFERROR(IF(AZ13<=VLOOKUP($H13,Listas!$J$2:$L$26,3,0),0,1),"T"))
BA14: =IF(COUNTA($B14)=0,"",IFERROR(IF(V14<=VLOOKUP($H14,Listas!$J$2:$L$26,3,0),0,1),"T")) | BB14: =IF(COUNTA($B14)=0,"",IFERROR(IF(W14<=VLOOKUP($H14,Listas!$J$2:$L$26,3,0),0,1),"T")) | BC14: =IF(COUNTA($B14)=0,"",IFERROR(IF(X14<=VLOOKUP($H14,Listas!$J$2:$L$26,3,0),0,1),"T")) | BD14: =IF(COUNTA($B14)=0,"",IFERROR(IF(Y14<=VLOOKUP($H14,Listas!$J$2:$L$26,3,0),0,1),"T")) | BE14: =IF(COUNTA($B14)=0,"",IFERROR(IF(Z14<=VLOOKUP($H14,Listas!$J$2:$L$26,3,0),0,1),"T")) | BF14: =IF(COUNTA($B14)=0,"",IFERROR(IF(AA14<=VLOOKUP($H14,Listas!$J$2:$L$26,3,0),0,1),"T")) | BG14: =IF(COUNTA($B14)=0,"",IFERROR(IF(AB14<=VLOOKUP($H14,Listas!$J$2:$L$26,3,0),0,1),"T")) | BH14: =IF(COUNTA($B14)=0,"",IFERROR(IF(AC14<=VLOOKUP($H14,Listas!$J$2:$L$26,3,0),0,1),"T")) | ... CE14: =IF(COUNTA($B14)=0,"",IFERROR(IF(AZ14<=VLOOKUP($H14,Listas!$J$2:$L$26,3,0),0,1),"T"))
BA15: =IF(COUNTA($B15)=0,"",IFERROR(IF(V15<=VLOOKUP($H15,Listas!$J$2:$L$26,3,0),0,1),"T")) | BB15: =IF(COUNTA($B15)=0,"",IFERROR(IF(W15<=VLOOKUP($H15,Listas!$J$2:$L$26,3,0),0,1),"T")) | BC15: =IF(COUNTA($B15)=0,"",IFERROR(IF(X15<=VLOOKUP($H15,Listas!$J$2:$L$26,3,0),0,1),"T")) | BD15: =IF(COUNTA($B15)=0,"",IFERROR(IF(Y15<=VLOOKUP($H15,Listas!$J$2:$L$26,3,0),0,1),"T")) | BE15: =IF(COUNTA($B15)=0,"",IFERROR(IF(Z15<=VLOOKUP($H15,Listas!$J$2:$L$26,3,0),0,1),"T")) | BF15: =IF(COUNTA($B15)=0,"",IFERROR(IF(AA15<=VLOOKUP($H15,Listas!$J$2:$L$26,3,0),0,1),"T")) | BG15: =IF(COUNTA($B15)=0,"",IFERROR(IF(AB15<=VLOOKUP($H15,Listas!$J$2:$L$26,3,0),0,1),"T")) | BH15: =IF(COUNTA($B15)=0,"",IFERROR(IF(AC15<=VLOOKUP($H15,Listas!$J$2:$L$26,3,0),0,1),"T")) | ... CE15: =IF(COUNTA($B15)=0,"",IFERROR(IF(AZ15<=VLOOKUP($H15,Listas!$J$2:$L$26,3,0),0,1),"T"))
BA16: =IF(COUNTA($B16)=0,"",IFERROR(IF(V16<=VLOOKUP($H16,Listas!$J$2:$L$26,3,0),0,1),"T")) | BB16: =IF(COUNTA($B16)=0,"",IFERROR(IF(W16<=VLOOKUP($H16,Listas!$J$2:$L$26,3,0),0,1),"T")) | BC16: =IF(COUNTA($B16)=0,"",IFERROR(IF(X16<=VLOOKUP($H16,Listas!$J$2:$L$26,3,0),0,1),"T")) | BD16: =IF(COUNTA($B16)=0,"",IFERROR(IF(Y16<=VLOOKUP($H16,Listas!$J$2:$L$26,3,0),0,1),"T")) | BE16: =IF(COUNTA($B16)=0,"",IFERROR(IF(Z16<=VLOOKUP($H16,Listas!$J$2:$L$26,3,0),0,1),"T")) | BF16: =IF(COUNTA($B16)=0,"",IFERROR(IF(AA16<=VLOOKUP($H16,Listas!$J$2:$L$26,3,0),0,1),"T")) | BG16: =IF(COUNTA($B16)=0,"",IFERROR(IF(AB16<=VLOOKUP($H16,Listas!$J$2:$L$26,3,0),0,1),"T")) | BH16: =IF(COUNTA($B16)=0,"",IFERROR(IF(AC16<=VLOOKUP($H16,Listas!$J$2:$L$26,3,0),0,1),"T")) | ... CE16: =IF(COUNTA($B16)=0,"",IFERROR(IF(AZ16<=VLOOKUP($H16,Listas!$J$2:$L$26,3,0),0,1),"T"))
BA17: =IF(COUNTA($B17)=0,"",IFERROR(IF(V17<=VLOOKUP($H17,Listas!$J$2:$L$26,3,0),0,1),"T")) | BB17: =IF(COUNTA($B17)=0,"",IFERROR(IF(W17<=VLOOKUP($H17,Listas!$J$2:$L$26,3,0),0,1),"T")) | BC17: =IF(COUNTA($B17)=0,"",IFERROR(IF(X17<=VLOOKUP($H17,Listas!$J$2:$L$26,3,0),0,1),"T")) | BD17: =IF(COUNTA($B17)=0,"",IFERROR(IF(Y17<=VLOOKUP($H17,Listas!$J$2:$L$26,3,0),0,1),"T")) | BE17: =IF(COUNTA($B17)=0,"",IFERROR(IF(Z17<=VLOOKUP($H17,Listas!$J$2:$L$26,3,0),0,1),"T")) | BF17: =IF(COUNTA($B17)=0,"",IFERROR(IF(AA17<=VLOOKUP($H17,Listas!$J$2:$L$26,3,0),0,1),"T")) | BG17: =IF(COUNTA($B17)=0,"",IFERROR(IF(AB17<=VLOOKUP($H17,Listas!$J$2:$L$26,3,0),0,1),"T")) | BH17: =IF(COUNTA($B17)=0,"",IFERROR(IF(AC17<=VLOOKUP($H17,Listas!$J$2:$L$26,3,0),0,1),"T")) | ... CE17: =IF(COUNTA($B17)=0,"",IFERROR(IF(AZ17<=VLOOKUP($H17,Listas!$J$2:$L$26,3,0),0,1),"T"))
... BA596: =IF(COUNTA($B596)=0,"",IFERROR(IF(V596<=VLOOKUP($H596,Listas!$J$2:$L$26,3,0),0,1),"T")) | BB596: =IF(COUNTA($B596)=0,"",IFERROR(IF(W596<=VLOOKUP($H596,Listas!$J$2:$L$26,3,0),0,1),"T")) | BC596: =IF(COUNTA($B596)=0,"",IFERROR(IF(X596<=VLOOKUP($H596,Listas!$J$2:$L$26,3,0),0,1),"T")) | BD596: =IF(COUNTA($B596)=0,"",IFERROR(IF(Y596<=VLOOKUP($H596,Listas!$J$2:$L$26,3,0),0,1),"T")) | BE596: =IF(COUNTA($B596)=0,"",IFERROR(IF(Z596<=VLOOKUP($H596,Listas!$J$2:$L$26,3,0),0,1),"T")) | BF596: =IF(COUNTA($B596)=0,"",IFERROR(IF(AA596<=VLOOKUP($H596,Listas!$J$2:$L$26,3,0),0,1),"T")) | BG596: =IF(COUNTA($B596)=0,"",IFERROR(IF(AB596<=VLOOKUP($H596,Listas!$J$2:$L$26,3,0),0,1),"T")) | BH596: =IF(COUNTA($B596)=0,"",IFERROR(IF(AC596<=VLOOKUP($H596,Listas!$J$2:$L$26,3,0),0,1),"T")) | ... CE596: =IF(COUNTA($B596)=0,"",IFERROR(IF(AZ596<=VLOOKUP($H596,Listas!$J$2:$L$26,3,0),0,1),"T"))

Sheet Nomina_Perm_Fuera
B1: A N T E C E D E N T E S G E N E R A L E S D E L T R A B A J A D O R P E R M A N E N T E | R1: ACOGIDOS A LEY 21.227 (PROTECCION AL EMPLEO) | T1: ACOGIDOS A LA LEY 21.220 | U1: JORNADA LABORAL | V1: Horas del mes (ingresar horas trabajadas correspondientes al turno de cada trabajador). Si el trabajador no estuvo presente, entonces registrar el valor 0 | BA1: Validaciones
B2: RUT | C2: NOMBRES | D2: APELLIDO PATERNO | E2: APELLIDO MATERNO | F2: FECHA NACIMIENTO | G2: TIPO CONTRATO | H2: TURNO | I2: CARGO | J2: FECHA INGRESO | K2: DOMICILIO PARTICULAR | L2: LOCALIDAD / CIUDAD | M2: REGION | N2: TELEFONO DE CONTACTO | O2: LUGAR DONDE PERNOCTAN | P2: N° DÍAS LICENCIA MEDICA | Q2: SEXO | R2: PACTO REDUCCION TEMPORAL | S2: PACTO SUSPENSION TEMPORAL | T2: TELETRABAJO | V2: 1 | W2: 2 | X2: 3 | Y2: 4 | Z2: 5 | AA2: 6 | AB2: 7 | AC2: 8 | AD2: 9 | AE2: 10 | AF2: 11 | AG2: 12 | AH2: 13 | AI2: 14 | AJ2: 15 | AK2: 16 | AL2: 17 | AM2: 18 | AN2: 19 | AO2: 20 | AP2: 21 | AQ2: 22 | AR2: 23 | AS2: 24 | AT2: 25 | AU2: 26 | AV2: 27 | AW2: 28 | AX2: 29 | AY2: 30 | AZ2: 31 | BA2: 1 | BB2: 2 | BC2: 3 | BD2: 4 | BE2: 5 | BF2: 6 | BG2: 7 | BH2: 8 | BI2: 9 | BJ2: 10 | BK2: 11 | BL2: 12 | BM2: 13 | BN2: 14 | BO2: 15 | BP2: 16 | BQ2: 17 | BR2: 18 | BS2: 19 | BT2: 20 | BU2: 21 | BV2: 22 | BW2: 23 | BX2: 24 | BY2: 25 | BZ2: 26 | CA2: 27 | CB2: 28 | CC2: 29 | CD2: 30 | CE2: 31
BA6: =IF(COUNTA($B6)=0,"",IFERROR(IF(V6<=VLOOKUP($H6,Listas!$J$2:$L$26,3,0),0,1),"T")) | BB6: =IF(COUNTA($B6)=0,"",IFERROR(IF(W6<=VLOOKUP($H6,Listas!$J$2:$L$26,3,0),0,1),"T")) | BC6: =IF(COUNTA($B6)=0,"",IFERROR(IF(X6<=VLOOKUP($H6,Listas!$J$2:$L$26,3,0),0,1),"T")) | BD6: =IF(COUNTA($B6)=0,"",IFERROR(IF(Y6<=VLOOKUP($H6,Listas!$J$2:$L$26,3,0),0,1),"T")) | BE6: =IF(COUNTA($B6)=0,"",IFERROR(IF(Z6<=VLOOKUP($H6,Listas!$J$2:$L$26,3,0),0,1),"T")) | BF6: =IF(COUNTA($B6)=0,"",IFERROR(IF(AA6<=VLOOKUP($H6,Listas!$J$2:$L$26,3,0),0,1),"T")) | BG6: =IF(COUNTA($B6)=0,"",IFERROR(IF(AB6<=VLOOKUP($H6,Listas!$J$2:$L$26,3,0),0,1),"T")) | BH6: =IF(COUNTA($B6)=0,"",IFERROR(IF(AC6<=VLOOKUP($H6,Listas!$J$2:$L$26,3,0),0,1),"T")) | ... CE6: =IF(COUNTA($B6)=0,"",IFERROR(IF(AZ6<=VLOOKUP($H6,Listas!$J$2:$L$26,3,0),0,1),"T"))
BA7: =IF(COUNTA($B7)=0,"",IFERROR(IF(V7<=VLOOKUP($H7,Listas!$J$2:$L$26,3,0),0,1),"T")) | BB7: =IF(COUNTA($B7)=0,"",IFERROR(IF(W7<=VLOOKUP($H7,Listas!$J$2:$L$26,3,0),0,1),"T")) | BC7: =IF(COUNTA($B7)=0,"",IFERROR(IF(X7<=VLOOKUP($H7,Listas!$J$2:$L$26,3,0),0,1),"T")) | BD7: =IF(COUNTA($B7)=0,"",IFERROR(IF(Y7<=VLOOKUP($H7,Listas!$J$2:$L$26,3,0),0,1),"T")) | BE7: =IF(COUNTA($B7)=0,"",IFERROR(IF(Z7<=VLOOKUP($H7,Listas!$J$2:$L$26,3,0),0,1),"T")) | BF7: =IF(COUNTA($B7)=0,"",IFERROR(IF(AA7<=VLOOKUP($H7,Listas!$J$2:$L$26,3,0),0,1),"T")) | BG7: =IF(COUNTA($B7)=0,"",IFERROR(IF(AB7<=VLOOKUP($H7,Listas!$J$2:$L$26,3,0),0,1),"T")) | BH7: =IF(COUNTA($B7)=0,"",IFERROR(IF(AC7<=VLOOKUP($H7,Listas!$J$2:$L$26,3,0),0,1),"T")) | ... CE7: =IF(COUNTA($B7)=0,"",IFERROR(IF(AZ7<=VLOOKUP($H7,Listas!$J$2:$L$26,3,0),0,1),"T"))
BA8: =IF(COUNTA($B8)=0,"",IFERROR(IF(V8<=VLOOKUP($H8,Listas!$J$2:$L$26,3,0),0,1),"T")) | BB8: =IF(COUNTA($B8)=0,"",IFERROR(IF(W8<=VLOOKUP($H8,Listas!$J$2:$L$26,3,0),0,1),"T")) | BC8: =IF(COUNTA($B8)=0,"",IFERROR(IF(X8<=VLOOKUP($H8,Listas!$J$2:$L$26,3,0),0,1),"T")) | BD8: =IF(COUNTA($B8)=0,"",IFERROR(IF(Y8<=VLOOKUP($H8,Listas!$J$2:$L$26,3,0),0,1),"T")) | BE8: =IF(COUNTA($B8)=0,"",IFERROR(IF(Z8<=VLOOKUP($H8,Listas!$J$2:$L$26,3,0),0,1),"T")) | BF8: =IF(COUNTA($B8)=0,"",IFERROR(IF(AA8<=VLOOKUP($H8,Listas!$J$2:$L$26,3,0),0,1),"T")) | BG8: =IF(COUNTA($B8)=0,"",IFERROR(IF(AB8<=VLOOKUP($H8,Listas!$J$2:$L$26,3,0),0,1),"T")) | BH8: =IF(COUNTA($B8)=0,"",IFERROR(IF(AC8<=VLOOKUP($H8,Listas!$J$2:$L$26,3,0),0,1),"T")) | ... CE8: =IF(COUNTA($B8)=0,"",IFERROR(IF(AZ8<=VLOOKUP($H8,Listas!$J$2:$L$26,3,0),0,1),"T"))
BA9: =IF(COUNTA($B9)=0,"",IFERROR(IF(V9<=VLOOKUP($H9,Listas!$J$2:$L$26,3,0),0,1),"T")) | BB9: =IF(COUNTA($B9)=0,"",IFERROR(IF(W9<=VLOOKUP($H9,Listas!$J$2:$L$26,3,0),0,1),"T")) | BC9: =IF(COUNTA($B9)=0,"",IFERROR(IF(X9<=VLOOKUP($H9,Listas!$J$2:$L$26,3,0),0,1),"T")) | BD9: =IF(COUNTA($B9)=0,"",IFERROR(IF(Y9<=VLOOKUP($H9,Listas!$J$2:$L$26,3,0),0,1),"T")) | BE9: =IF(COUNTA($B9)=0,"",IFERROR(IF(Z9<=VLOOKUP($H9,Listas!$J$2:$L$26,3,0),0,1),"T")) | BF9: =IF(COUNTA($B9)=0,"",IFERROR(IF(AA9<=VLOOKUP($H9,Listas!$J$2:$L$26,3,0),0,1),"T")) | BG9: =IF(COUNTA($B9)=0,"",IFERROR(IF(AB9<=VLOOKUP($H9,Listas!$J$2:$L$26,3,0),0,1),"T")) | BH9: =IF(COUNTA($B9)=0,"",IFERROR(IF(AC9<=VLOOKUP($H9,Listas!$J$2:$L$26,3,0),0,1),"T")) | ... CE9: =IF(COUNTA($B9)=0,"",IFERROR(IF(AZ9<=VLOOKUP($H9,Listas!$J$2:$L$26,3,0),0,1),"T"))
BA10: =IF(COUNTA($B10)=0,"",IFERROR(IF(V10<=VLOOKUP($H10,Listas!$J$2:$L$26,3,0),0,1),"T")) | BB10: =IF(COUNTA($B10)=0,"",IFERROR(IF(W10<=VLOOKUP($H10,Listas!$J$2:$L$26,3,0),0,1),"T")) | BC10: =IF(COUNTA($B10)=0,"",IFERROR(IF(X10<=VLOOKUP($H10,Listas!$J$2:$L$26,3,0),0,1),"T")) | BD10: =IF(COUNTA($B10)=0,"",IFERROR(IF(Y10<=VLOOKUP($H10,Listas!$J$2:$L$26,3,0),0,1),"T")) | BE10: =IF(COUNTA($B10)=0,"",IFERROR(IF(Z10<=VLOOKUP($H10,Listas!$J$2:$L$26,3,0),0,1),"T")) | BF10: =IF(COUNTA($B10)=0,"",IFERROR(IF(AA10<=VLOOKUP($H10,Listas!$J$2:$L$26,3,0),0,1),"T")) | BG10: =IF(COUNTA($B10)=0,"",IFERROR(IF(AB10<=VLOOKUP($H10,Listas!$J$2:$L$26,3,0),0,1),"T")) | BH10: =IF(COUNTA($B10)=0,"",IFERROR(IF(AC10<=VLOOKUP($H10,Listas!$J$2:$L$26,3,0),0,1),"T")) | ... CE10: =IF(COUNTA($B10)=0,"",IFERROR(IF(AZ10<=VLOOKUP($H10,Listas!$J$2:$L$26,3,0),0,1),"T"))
BA11: =IF(COUNTA($B11)=0,"",IFERROR(IF(V11<=VLOOKUP($H11,Listas!$J$2:$L$26,3,0),0,1),"T")) | BB11: =IF(COUNTA($B11)=0,"",IFERROR(IF(W11<=VLOOKUP($H11,Listas!$J$2:$L$26,3,0),0,1),"T")) | BC11: =IF(COUNTA($B11)=0,"",IFERROR(IF(X11<=VLOOKUP($H11,Listas!$J$2:$L$26,3,0),0,1),"T")) | BD11: =IF(COUNTA($B11)=0,"",IFERROR(IF(Y11<=VLOOKUP($H11,Listas!$J$2:$L$26,3,0),0,1),"T")) | BE11: =IF(COUNTA($B11)=0,"",IFERROR(IF(Z11<=VLOOKUP($H11,Listas!$J$2:$L$26,3,0),0,1),"T")) | BF11: =IF(COUNTA($B11)=0,"",IFERROR(IF(AA11<=VLOOKUP($H11,Listas!$J$2:$L$26,3,0),0,1),"T")) | BG11: =IF(COUNTA($B11)=0,"",IFERROR(IF(AB11<=VLOOKUP($H11,Listas!$J$2:$L$26,3,0),0,1),"T")) | BH11: =IF(COUNTA($B11)=0,"",IFERROR(IF(AC11<=VLOOKUP($H11,Listas!$J$2:$L$26,3,0),0,1),"T")) | ... CE11: =IF(COUNTA($B11)=0,"",IFERROR(IF(AZ11<=VLOOKUP($H11,Listas!$J$2:$L$26,3,0),0,1),"T"))
BA12: =IF(COUNTA($B12)=0,"",IFERROR(IF(V12<=VLOOKUP($H12,Listas!$J$2:$L$26,3,0),0,1),"T")) | BB12: =IF(COUNTA($B12)=0,"",IFERROR(IF(W12<=VLOOKUP($H12,Listas!$J$2:$L$26,3,0),0,1),"T")) | BC12: =IF(COUNTA($B12)=0,"",IFERROR(IF(X12<=VLOOKUP($H12,Listas!$J$2:$L$26,3,0),0,1),"T")) | BD12: =IF(COUNTA($B12)=0,"",IFERROR(IF(Y12<=VLOOKUP($H12,Listas!$J$2:$L$26,3,0),0,1),"T")) | BE12: =IF(COUNTA($B12)=0,"",IFERROR(IF(Z12<=VLOOKUP($H12,Listas!$J$2:$L$26,3,0),0,1),"T")) | BF12: =IF(COUNTA($B12)=0,"",IFERROR(IF(AA12<=VLOOKUP($H12,Listas!$J$2:$L$26,3,0),0,1),"T")) | BG12: =IF(COUNTA($B12)=0,"",IFERROR(IF(AB12<=VLOOKUP($H12,Listas!$J$2:$L$26,3,0),0,1),"T")) | BH12: =IF(COUNTA($B12)=0,"",IFERROR(IF(AC12<=VLOOKUP($H12,Listas!$J$2:$L$26,3,0),0,1),"T")) | ... CE12: =IF(COUNTA($B12)=0,"",IFERROR(IF(AZ12<=VLOOKUP($H12,Listas!$J$2:$L$26,3,0),0,1),"T"))
BA13: =IF(COUNTA($B13)=0,"",IFERROR(IF(V13<=VLOOKUP($H13,Listas!$J$2:$L$26,3,0),0,1),"T")) | BB13: =IF(COUNTA($B13)=0,"",IFERROR(IF(W13<=VLOOKUP($H13,Listas!$J$2:$L$26,3,0),0,1),"T")) | BC13: =IF(COUNTA($B13)=0,"",IFERROR(IF(X13<=VLOOKUP($H13,Listas!$J$2:$L$26,3,0),0,1),"T")) | BD13: =IF(COUNTA($B13)=0,"",IFERROR(IF(Y13<=VLOOKUP($H13,Listas!$J$2:$L$26,3,0),0,1),"T")) | BE13: =IF(COUNTA($B13)=0,"",IFERROR(IF(Z13<=VLOOKUP($H13,Listas!$J$2:$L$26,3,0),0,1),"T")) | BF13: =IF(COUNTA($B13)=0,"",IFERROR(IF(AA13<=VLOOKUP($H13,Listas!$J$2:$L$26,3,0),0,1),"T")) | BG13: =IF(COUNTA($B13)=0,"",IFERROR(IF(AB13<=VLOOKUP($H13,Listas!$J$2:$L$26,3,0),0,1),"T")) | BH13: =IF(COUNTA($B13)=0,"",IFERROR(IF(AC13<=VLOOKUP($H13,Listas!$J$2:$L$26,3,0),0,1),"T")) | ... CE13: =IF(COUNTA($B13)=0,"",IFERROR(IF(AZ13<=VLOOKUP($H13,Listas!$J$2:$L$26,3,0),0,1),"T"))
BA14: =IF(COUNTA($B14)=0,"",IFERROR(IF(V14<=VLOOKUP($H14,Listas!$J$2:$L$26,3,0),0,1),"T")) | BB14: =IF(COUNTA($B14)=0,"",IFERROR(IF(W14<=VLOOKUP($H14,Listas!$J$2:$L$26,3,0),0,1),"T")) | BC14: =IF(COUNTA($B14)=0,"",IFERROR(IF(X14<=VLOOKUP($H14,Listas!$J$2:$L$26,3,0),0,1),"T")) | BD14: =IF(COUNTA($B14)=0,"",IFERROR(IF(Y14<=VLOOKUP($H14,Listas!$J$2:$L$26,3,0),0,1),"T")) | BE14: =IF(COUNTA($B14)=0,"",IFERROR(IF(Z14<=VLOOKUP($H14,Listas!$J$2:$L$26,3,0),0,1),"T")) | BF14: =IF(COUNTA($B14)=0,"",IFERROR(IF(AA14<=VLOOKUP($H14,Listas!$J$2:$L$26,3,0),0,1),"T")) | BG14: =IF(COUNTA($B14)=0,"",IFERROR(IF(AB14<=VLOOKUP($H14,Listas!$J$2:$L$26,3,0),0,1),"T")) | BH14: =IF(COUNTA($B14)=0,"",IFERROR(IF(AC14<=VLOOKUP($H14,Listas!$J$2:$L$26,3,0),0,1),"T")) | ... CE14: =IF(COUNTA($B14)=0,"",IFERROR(IF(AZ14<=VLOOKUP($H14,Listas!$J$2:$L$26,3,0),0,1),"T"))
BA15: =IF(COUNTA($B15)=0,"",IFERROR(IF(V15<=VLOOKUP($H15,Listas!$J$2:$L$26,3,0),0,1),"T")) | BB15: =IF(COUNTA($B15)=0,"",IFERROR(IF(W15<=VLOOKUP($H15,Listas!$J$2:$L$26,3,0),0,1),"T")) | BC15: =IF(COUNTA($B15)=0,"",IFERROR(IF(X15<=VLOOKUP($H15,Listas!$J$2:$L$26,3,0),0,1),"T")) | BD15: =IF(COUNTA($B15)=0,"",IFERROR(IF(Y15<=VLOOKUP($H15,Listas!$J$2:$L$26,3,0),0,1),"T")) | BE15: =IF(COUNTA($B15)=0,"",IFERROR(IF(Z15<=VLOOKUP($H15,Listas!$J$2:$L$26,3,0),0,1),"T")) | BF15: =IF(COUNTA($B15)=0,"",IFERROR(IF(AA15<=VLOOKUP($H15,Listas!$J$2:$L$26,3,0),0,1),"T")) | BG15: =IF(COUNTA($B15)=0,"",IFERROR(IF(AB15<=VLOOKUP($H15,Listas!$J$2:$L$26,3,0),0,1),"T")) | BH15: =IF(COUNTA($B15)=0,"",IFERROR(IF(AC15<=VLOOKUP($H15,Listas!$J$2:$L$26,3,0),0,1),"T")) | ... CE15: =IF(COUNTA($B15)=0,"",IFERROR(IF(AZ15<=VLOOKUP($H15,Listas!$J$2:$L$26,3,0),0,1),"T"))
BA16: =IF(COUNTA($B16)=0,"",IFERROR(IF(V16<=VLOOKUP($H16,Listas!$J$2:$L$26,3,0),0,1),"T")) | BB16: =IF(COUNTA($B16)=0,"",IFERROR(IF(W16<=VLOOKUP($H16,Listas!$J$2:$L$26,3,0),0,1),"T")) | BC16: =IF(COUNTA($B16)=0,"",IFERROR(IF(X16<=VLOOKUP($H16,Listas!$J$2:$L$26,3,0),0,1),"T")) | BD16: =IF(COUNTA($B16)=0,"",IFERROR(IF(Y16<=VLOOKUP($H16,Listas!$J$2:$L$26,3,0),0,1),"T")) | BE16: =IF(COUNTA($B16)=0,"",IFERROR(IF(Z16<=VLOOKUP($H16,Listas!$J$2:$L$26,3,0),0,1),"T")) | BF16: =IF(COUNTA($B16)=0,"",IFERROR(IF(AA16<=VLOOKUP($H16,Listas!$J$2:$L$26,3,0),0,1),"T")) | BG16: =IF(COUNTA($B16)=0,"",IFERROR(IF(AB16<=VLOOKUP($H16,Listas!$J$2:$L$26,3,0),0,1),"T")) | BH16: =IF(COUNTA($B16)=0,"",IFERROR(IF(AC16<=VLOOKUP($H16,Listas!$J$2:$L$26,3,0),0,1),"T")) | ... CE16: =IF(COUNTA($B16)=0,"",IFERROR(IF(AZ16<=VLOOKUP($H16,Listas!$J$2:$L$26,3,0),0,1),"T"))
BA17: =IF(COUNTA($B17)=0,"",IFERROR(IF(V17<=VLOOKUP($H17,Listas!$J$2:$L$26,3,0),0,1),"T")) | BB17: =IF(COUNTA($B17)=0,"",IFERROR(IF(W17<=VLOOKUP($H17,Listas!$J$2:$L$26,3,0),0,1),"T")) | BC17: =IF(COUNTA($B17)=0,"",IFERROR(IF(X17<=VLOOKUP($H17,Listas!$J$2:$L$26,3,0),0,1),"T")) | BD17: =IF(COUNTA($B17)=0,"",IFERROR(IF(Y17<=VLOOKUP($H17,Listas!$J$2:$L$26,3,0),0,1),"T")) | BE17: =IF(COUNTA($B17)=0,"",IFERROR(IF(Z17<=VLOOKUP($H17,Listas!$J$2:$L$26,3,0),0,1),"T")) | BF17: =IF(COUNTA($B17)=0,"",IFERROR(IF(AA17<=VLOOKUP($H17,Listas!$J$2:$L$26,3,0),0,1),"T")) | BG17: =IF(COUNTA($B17)=0,"",IFERROR(IF(AB17<=VLOOKUP($H17,Listas!$J$2:$L$26,3,0),0,1),"T")) | BH17: =IF(COUNTA($B17)=0,"",IFERROR(IF(AC17<=VLOOKUP($H17,Listas!$J$2:$L$26,3,0),0,1),"T")) | ... CE17: =IF(COUNTA($B17)=0,"",IFERROR(IF(AZ17<=VLOOKUP($H17,Listas!$J$2:$L$26,3,0),0,1),"T"))
... BA596: =IF(COUNTA($B596)=0,"",IFERROR(IF(V596<=VLOOKUP($H596,Listas!$J$2:$L$26,3,0),0,1),"T")) | BB596: =IF(COUNTA($B596)=0,"",IFERROR(IF(W596<=VLOOKUP($H596,Listas!$J$2:$L$26,3,0),0,1),"T")) | BC596: =IF(COUNTA($B596)=0,"",IFERROR(IF(X596<=VLOOKUP($H596,Listas!$J$2:$L$26,3,0),0,1),"T")) | BD596: =IF(COUNTA($B596)=0,"",IFERROR(IF(Y596<=VLOOKUP($H596,Listas!$J$2:$L$26,3,0),0,1),"T")) | BE596: =IF(COUNTA($B596)=0,"",IFERROR(IF(Z596<=VLOOKUP($H596,Listas!$J$2:$L$26,3,0),0,1),"T")) | BF596: =IF(COUNTA($B596)=0,"",IFERROR(IF(AA596<=VLOOKUP($H596,Listas!$J$2:$L$26,3,0),0,1),"T")) | BG596: =IF(COUNTA($B596)=0,"",IFERROR(IF(AB596<=VLOOKUP($H596,Listas!$J$2:$L$26,3,0),0,1),"T")) | BH596: =IF(COUNTA($B596)=0,"",IFERROR(IF(AC596<=VLOOKUP($H596,Listas!$J$2:$L$26,3,0),0,1),"T")) | ... CE596: =IF(COUNTA($B596)=0,"",IFERROR(IF(AZ596<=VLOOKUP($H596,Listas!$J$2:$L$26,3,0),0,1),"T"))

Sheet Nomina_Perm_Teletrabajo
B1: A N T E C E D E N T E S G E N E R A L E S D E L T R A B A J A D O R P E R M A N E N T E | R1: ACOGIDOS A LEY 21.227 (PROTECCION AL EMPLEO) | T1: ACOGIDOS A LA LEY 21.220 | U1: JORNADA LABORAL | V1: Horas del mes (ingresar horas trabajadas correspondientes al turno de cada trabajador). Si el trabajador no estuvo presente, entonces registrar el valor 0 | BA1: Validaciones
B2: RUT | C2: NOMBRES | D2: APELLIDO PATERNO | E2: APELLIDO MATERNO | F2: FECHA NACIMIENTO | G2: TIPO CONTRATO | H2: TURNO | I2: CARGO | J2: FECHA INGRESO | K2: DOMICILIO PARTICULAR | L2: LOCALIDAD / CIUDAD | M2: REGION | N2: TELEFONO DE CONTACTO | O2: LUGAR DONDE PERNOCTAN | P2: N° DÍAS LICENCIA MEDICA | Q2: SEXO | R2: PACTO REDUCCION TEMPORAL | S2: PACTO SUSPENSION TEMPORAL | T2: TELETRABAJO | V2: 1 | W2: 2 | X2: 3 | Y2: 4 | Z2: 5 | AA2: 6 | AB2: 7 | AC2: 8 | AD2: 9 | AE2: 10 | AF2: 11 | AG2: 12 | AH2: 13 | AI2: 14 | AJ2: 15 | AK2: 16 | AL2: 17 | AM2: 18 | AN2: 19 | AO2: 20 | AP2: 21 | AQ2: 22 | AR2: 23 | AS2: 24 | AT2: 25 | AU2: 26 | AV2: 27 | AW2: 28 | AX2: 29 | AY2: 30 | AZ2: 31 | BA2: 1 | BB2: 2 | BC2: 3 | BD2: 4 | BE2: 5 | BF2: 6 | BG2: 7 | BH2: 8 | BI2: 9 | BJ2: 10 | BK2: 11 | BL2: 12 | BM2: 13 | BN2: 14 | BO2: 15 | BP2: 16 | BQ2: 17 | BR2: 18 | BS2: 19 | BT2: 20 | BU2: 21 | BV2: 22 | BW2: 23 | BX2: 24 | BY2: 25 | BZ2: 26 | CA2: 27 | CB2: 28 | CC2: 29 | CD2: 30 | CE2: 31
BA6: =IF(COUNTA($B6)=0,"",IFERROR(IF(V6<=VLOOKUP($H6,Listas!$J$2:$L$26,3,0),0,1),"T")) | BB6: =IF(COUNTA($B6)=0,"",IFERROR(IF(W6<=VLOOKUP($H6,Listas!$J$2:$L$26,3,0),0,1),"T")) | BC6: =IF(COUNTA($B6)=0,"",IFERROR(IF(X6<=VLOOKUP($H6,Listas!$J$2:$L$26,3,0),0,1),"T")) | BD6: =IF(COUNTA($B6)=0,"",IFERROR(IF(Y6<=VLOOKUP($H6,Listas!$J$2:$L$26,3,0),0,1),"T")) | BE6: =IF(COUNTA($B6)=0,"",IFERROR(IF(Z6<=VLOOKUP($H6,Listas!$J$2:$L$26,3,0),0,1),"T")) | BF6: =IF(COUNTA($B6)=0,"",IFERROR(IF(AA6<=VLOOKUP($H6,Listas!$J$2:$L$26,3,0),0,1),"T")) | BG6: =IF(COUNTA($B6)=0,"",IFERROR(IF(AB6<=VLOOKUP($H6,Listas!$J$2:$L$26,3,0),0,1),"T")) | BH6: =IF(COUNTA($B6)=0,"",IFERROR(IF(AC6<=VLOOKUP($H6,Listas!$J$2:$L$26,3,0),0,1),"T")) | ... CE6: =IF(COUNTA($B6)=0,"",IFERROR(IF(AZ6<=VLOOKUP($H6,Listas!$J$2:$L$26,3,0),0,1),"T"))
BA7: =IF(COUNTA($B7)=0,"",IFERROR(IF(V7<=VLOOKUP($H7,Listas!$J$2:$L$26,3,0),0,1),"T")) | BB7: =IF(COUNTA($B7)=0,"",IFERROR(IF(W7<=VLOOKUP($H7,Listas!$J$2:$L$26,3,0),0,1),"T")) | BC7: =IF(COUNTA($B7)=0,"",IFERROR(IF(X7<=VLOOKUP($H7,Listas!$J$2:$L$26,3,0),0,1),"T")) | BD7: =IF(COUNTA($B7)=0,"",IFERROR(IF(Y7<=VLOOKUP($H7,Listas!$J$2:$L$26,3,0),0,1),"T")) | BE7: =IF(COUNTA($B7)=0,"",IFERROR(IF(Z7<=VLOOKUP($H7,Listas!$J$2:$L$26,3,0),0,1),"T")) | BF7: =IF(COUNTA($B7)=0,"",IFERROR(IF(AA7<=VLOOKUP($H7,Listas!$J$2:$L$26,3,0),0,1),"T")) | BG7: =IF(COUNTA($B7)=0,"",IFERROR(IF(AB7<=VLOOKUP($H7,Listas!$J$2:$L$26,3,0),0,1),"T")) | BH7: =IF(COUNTA($B7)=0,"",IFERROR(IF(AC7<=VLOOKUP($H7,Listas!$J$2:$L$26,3,0),0,1),"T")) | ... CE7: =IF(COUNTA($B7)=0,"",IFERROR(IF(AZ7<=VLOOKUP($H7,Listas!$J$2:$L$26,3,0),0,1),"T"))
BA8: =IF(COUNTA($B8)=0,"",IFERROR(IF(V8<=VLOOKUP($H8,Listas!$J$2:$L$26,3,0),0,1),"T")) | BB8: =IF(COUNTA($B8)=0,"",IFERROR(IF(W8<=VLOOKUP($H8,Listas!$J$2:$L$26,3,0),0,1),"T")) | BC8: =IF(COUNTA($B8)=0,"",IFERROR(IF(X8<=VLOOKUP($H8,Listas!$J$2:$L$26,3,0),0,1),"T")) | BD8: =IF(COUNTA($B8)=0,"",IFERROR(IF(Y8<=VLOOKUP($H8,Listas!$J$2:$L$26,3,0),0,1),"T")) | BE8: =IF(COUNTA($B8)=0,"",IFERROR(IF(Z8<=VLOOKUP($H8,Listas!$J$2:$L$26,3,0),0,1),"T")) | BF8: =IF(COUNTA($B8)=0,"",IFERROR(IF(AA8<=VLOOKUP($H8,Listas!$J$2:$L$26,3,0),0,1),"T")) | BG8: =IF(COUNTA($B8)=0,"",IFERROR(IF(AB8<=VLOOKUP($H8,Listas!$J$2:$L$26,3,0),0,1),"T")) | BH8: =IF(COUNTA($B8)=0,"",IFERROR(IF(AC8<=VLOOKUP($H8,Listas!$J$2:$L$26,3,0),0,1),"T")) | ... CE8: =IF(COUNTA($B8)=0,"",IFERROR(IF(AZ8<=VLOOKUP($H8,Listas!$J$2:$L$26,3,0),0,1),"T"))
BA9: =IF(COUNTA($B9)=0,"",IFERROR(IF(V9<=VLOOKUP($H9,Listas!$J$2:$L$26,3,0),0,1),"T")) | BB9: =IF(COUNTA($B9)=0,"",IFERROR(IF(W9<=VLOOKUP($H9,Listas!$J$2:$L$26,3,0),0,1),"T")) | BC9: =IF(COUNTA($B9)=0,"",IFERROR(IF(X9<=VLOOKUP($H9,Listas!$J$2:$L$26,3,0),0,1),"T")) | BD9: =IF(COUNTA($B9)=0,"",IFERROR(IF(Y9<=VLOOKUP($H9,Listas!$J$2:$L$26,3,0),0,1),"T")) | BE9: =IF(COUNTA($B9)=0,"",IFERROR(IF(Z9<=VLOOKUP($H9,Listas!$J$2:$L$26,3,0),0,1),"T")) | BF9: =IF(COUNTA($B9)=0,"",IFERROR(IF(AA9<=VLOOKUP($H9,Listas!$J$2:$L$26,3,0),0,1),"T")) | BG9: =IF(COUNTA($B9)=0,"",IFERROR(IF(AB9<=VLOOKUP($H9,Listas!$J$2:$L$26,3,0),0,1),"T")) | BH9: =IF(COUNTA($B9)=0,"",IFERROR(IF(AC9<=VLOOKUP($H9,Listas!$J$2:$L$26,3,0),0,1),"T")) | ... CE9: =IF(COUNTA($B9)=0,"",IFERROR(IF(AZ9<=VLOOKUP($H9,Listas!$J$2:$L$26,3,0),0,1),"T"))
BA10: =IF(COUNTA($B10)=0,"",IFERROR(IF(V10<=VLOOKUP($H10,Listas!$J$2:$L$26,3,0),0,1),"T")) | BB10: =IF(COUNTA($B10)=0,"",IFERROR(IF(W10<=VLOOKUP($H10,Listas!$J$2:$L$26,3,0),0,1),"T")) | BC10: =IF(COUNTA($B10)=0,"",IFERROR(IF(X10<=VLOOKUP($H10,Listas!$J$2:$L$26,3,0),0,1),"T")) | BD10: =IF(COUNTA($B10)=0,"",IFERROR(IF(Y10<=VLOOKUP($H10,Listas!$J$2:$L$26,3,0),0,1),"T")) | BE10: =IF(COUNTA($B10)=0,"",IFERROR(IF(Z10<=VLOOKUP($H10,Listas!$J$2:$L$26,3,0),0,1),"T")) | BF10: =IF(COUNTA($B10)=0,"",IFERROR(IF(AA10<=VLOOKUP($H10,Listas!$J$2:$L$26,3,0),0,1),"T")) | BG10: =IF(COUNTA($B10)=0,"",IFERROR(IF(AB10<=VLOOKUP($H10,Listas!$J$2:$L$26,3,0),0,1),"T")) | BH10: =IF(COUNTA($B10)=0,"",IFERROR(IF(AC10<=VLOOKUP($H10,Listas!$J$2:$L$26,3,0),0,1),"T")) | ... CE10: =IF(COUNTA($B10)=0,"",IFERROR(IF(AZ10<=VLOOKUP($H10,Listas!$J$2:$L$26,3,0),0,1),"T"))
BA11: =IF(COUNTA($B11)=0,"",IFERROR(IF(V11<=VLOOKUP($H11,Listas!$J$2:$L$26,3,0),0,1),"T")) | BB11: =IF(COUNTA($B11)=0,"",IFERROR(IF(W11<=VLOOKUP($H11,Listas!$J$2:$L$26,3,0),0,1),"T")) | BC11: =IF(COUNTA($B11)=0,"",IFERROR(IF(X11<=VLOOKUP($H11,Listas!$J$2:$L$26,3,0),0,1),"T")) | BD11: =IF(COUNTA($B11)=0,"",IFERROR(IF(Y11<=VLOOKUP($H11,Listas!$J$2:$L$26,3,0),0,1),"T")) | BE11: =IF(COUNTA($B11)=0,"",IFERROR(IF(Z11<=VLOOKUP($H11,Listas!$J$2:$L$26,3,0),0,1),"T")) | BF11: =IF(COUNTA($B11)=0,"",IFERROR(IF(AA11<=VLOOKUP($H11,Listas!$J$2:$L$26,3,0),0,1),"T")) | BG11: =IF(COUNTA($B11)=0,"",IFERROR(IF(AB11<=VLOOKUP($H11,Listas!$J$2:$L$26,3,0),0,1),"T")) | BH11: =IF(COUNTA($B11)=0,"",IFERROR(IF(AC11<=VLOOKUP($H11,Listas!$J$2:$L$26,3,0),0,1),"T")) | ... CE11: =IF(COUNTA($B11)=0,"",IFERROR(IF(AZ11<=VLOOKUP($H11,Listas!$J$2:$L$26,3,0),0,1),"T"))
BA12: =IF(COUNTA($B12)=0,"",IFERROR(IF(V12<=VLOOKUP($H12,Listas!$J$2:$L$26,3,0),0,1),"T")) | BB12: =IF(COUNTA($B12)=0,"",IFERROR(IF(W12<=VLOOKUP($H12,Listas!$J$2:$L$26,3,0),0,1),"T")) | BC12: =IF(COUNTA($B12)=0,"",IFERROR(IF(X12<=VLOOKUP($H12,Listas!$J$2:$L$26,3,0),0,1),"T")) | BD12: =IF(COUNTA($B12)=0,"",IFERROR(IF(Y12<=VLOOKUP($H12,Listas!$J$2:$L$26,3,0),0,1),"T")) | BE12: =IF(COUNTA($B12)=0,"",IFERROR(IF(Z12<=VLOOKUP($H12,Listas!$J$2:$L$26,3,0),0,1),"T")) | BF12: =IF(COUNTA($B12)=0,"",IFERROR(IF(AA12<=VLOOKUP($H12,Listas!$J$2:$L$26,3,0),0,1),"T")) | BG12: =IF(COUNTA($B12)=0,"",IFERROR(IF(AB12<=VLOOKUP($H12,Listas!$J$2:$L$26,3,0),0,1),"T")) | BH12: =IF(COUNTA($B12)=0,"",IFERROR(IF(AC12<=VLOOKUP($H12,Listas!$J$2:$L$26,3,0),0,1),"T")) | ... CE12: =IF(COUNTA($B12)=0,"",IFERROR(IF(AZ12<=VLOOKUP($H12,Listas!$J$2:$L$26,3,0),0,1),"T"))
BA13: =IF(COUNTA($B13)=0,"",IFERROR(IF(V13<=VLOOKUP($H13,Listas!$J$2:$L$26,3,0),0,1),"T")) | BB13: =IF(COUNTA($B13)=0,"",IFERROR(IF(W13<=VLOOKUP($H13,Listas!$J$2:$L$26,3,0),0,1),"T")) | BC13: =IF(COUNTA($B13)=0,"",IFERROR(IF(X13<=VLOOKUP($H13,Listas!$J$2:$L$26,3,0),0,1),"T")) | BD13: =IF(COUNTA($B13)=0,"",IFERROR(IF(Y13<=VLOOKUP($H13,Listas!$J$2:$L$26,3,0),0,1),"T")) | BE13: =IF(COUNTA($B13)=0,"",IFERROR(IF(Z13<=VLOOKUP($H13,Listas!$J$2:$L$26,3,0),0,1),"T")) | BF13: =IF(COUNTA($B13)=0,"",IFERROR(IF(AA13<=VLOOKUP($H13,Listas!$J$2:$L$26,3,0),0,1),"T")) | BG13: =IF(COUNTA($B13)=0,"",IFERROR(IF(AB13<=VLOOKUP($H13,Listas!$J$2:$L$26,3,0),0,1),"T")) | BH13: =IF(COUNTA($B13)=0,"",IFERROR(IF(AC13<=VLOOKUP($H13,Listas!$J$2:$L$26,3,0),0,1),"T")) | ... CE13: =IF(COUNTA($B13)=0,"",IFERROR(IF(AZ13<=VLOOKUP($H13,Listas!$J$2:$L$26,3,0),0,1),"T"))
BA14: =IF(COUNTA($B14)=0,"",IFERROR(IF(V14<=VLOOKUP($H14,Listas!$J$2:$L$26,3,0),0,1),"T")) | BB14: =IF(COUNTA($B14)=0,"",IFERROR(IF(W14<=VLOOKUP($H14,Listas!$J$2:$L$26,3,0),0,1),"T")) | BC14: =IF(COUNTA($B14)=0,"",IFERROR(IF(X14<=VLOOKUP($H14,Listas!$J$2:$L$26,3,0),0,1),"T")) | BD14: =IF(COUNTA($B14)=0,"",IFERROR(IF(Y14<=VLOOKUP($H14,Listas!$J$2:$L$26,3,0),0,1),"T")) | BE14: =IF(COUNTA($B14)=0,"",IFERROR(IF(Z14<=VLOOKUP($H14,Listas!$J$2:$L$26,3,0),0,1),"T")) | BF14: =IF(COUNTA($B14)=0,"",IFERROR(IF(AA14<=VLOOKUP($H14,Listas!$J$2:$L$26,3,0),0,1),"T")) | BG14: =IF(COUNTA($B14)=0,"",IFERROR(IF(AB14<=VLOOKUP($H14,Listas!$J$2:$L$26,3,0),0,1),"T")) | BH14: =IF(COUNTA($B14)=0,"",IFERROR(IF(AC14<=VLOOKUP($H14,Listas!$J$2:$L$26,3,0),0,1),"T")) | ... CE14: =IF(COUNTA($B14)=0,"",IFERROR(IF(AZ14<=VLOOKUP($H14,Listas!$J$2:$L$26,3,0),0,1),"T"))
BA15: =IF(COUNTA($B15)=0,"",IFERROR(IF(V15<=VLOOKUP($H15,Listas!$J$2:$L$26,3,0),0,1),"T")) | BB15: =IF(COUNTA($B15)=0,"",IFERROR(IF(W15<=VLOOKUP($H15,Listas!$J$2:$L$26,3,0),0,1),"T")) | BC15: =IF(COUNTA($B15)=0,"",IFERROR(IF(X15<=VLOOKUP($H15,Listas!$J$2:$L$26,3,0),0,1),"T")) | BD15: =IF(COUNTA($B15)=0,"",IFERROR(IF(Y15<=VLOOKUP($H15,Listas!$J$2:$L$26,3,0),0,1),"T")) | BE15: =IF(COUNTA($B15)=0,"",IFERROR(IF(Z15<=VLOOKUP($H15,Listas!$J$2:$L$26,3,0),0,1),"T")) | BF15: =IF(COUNTA($B15)=0,"",IFERROR(IF(AA15<=VLOOKUP($H15,Listas!$J$2:$L$26,3,0),0,1),"T")) | BG15: =IF(COUNTA($B15)=0,"",IFERROR(IF(AB15<=VLOOKUP($H15,Listas!$J$2:$L$26,3,0),0,1),"T")) | BH15: =IF(COUNTA($B15)=0,"",IFERROR(IF(AC15<=VLOOKUP($H15,Listas!$J$2:$L$26,3,0),0,1),"T")) | ... CE15: =IF(COUNTA($B15)=0,"",IFERROR(IF(AZ15<=VLOOKUP($H15,Listas!$J$2:$L$26,3,0),0,1),"T"))
BA16: =IF(COUNTA($B16)=0,"",IFERROR(IF(V16<=VLOOKUP($H16,Listas!$J$2:$L$26,3,0),0,1),"T")) | BB16: =IF(COUNTA($B16)=0,"",IFERROR(IF(W16<=VLOOKUP($H16,Listas!$J$2:$L$26,3,0),0,1),"T")) | BC16: =IF(COUNTA($B16)=0,"",IFERROR(IF(X16<=VLOOKUP($H16,Listas!$J$2:$L$26,3,0),0,1),"T")) | BD16: =IF(COUNTA($B16)=0,"",IFERROR(IF(Y16<=VLOOKUP($H16,Listas!$J$2:$L$26,3,0),0,1),"T")) | BE16: =IF(COUNTA($B16)=0,"",IFERROR(IF(Z16<=VLOOKUP($H16,Listas!$J$2:$L$26,3,0),0,1),"T")) | BF16: =IF(COUNTA($B16)=0,"",IFERROR(IF(AA16<=VLOOKUP($H16,Listas!$J$2:$L$26,3,0),0,1),"T")) | BG16: =IF(COUNTA($B16)=0,"",IFERROR(IF(AB16<=VLOOKUP($H16,Listas!$J$2:$L$26,3,0),0,1),"T")) | BH16: =IF(COUNTA($B16)=0,"",IFERROR(IF(AC16<=VLOOKUP($H16,Listas!$J$2:$L$26,3,0),0,1),"T")) | ... CE16: =IF(COUNTA($B16)=0,"",IFERROR(IF(AZ16<=VLOOKUP($H16,Listas!$J$2:$L$26,3,0),0,1),"T"))
BA17: =IF(COUNTA($B17)=0,"",IFERROR(IF(V17<=VLOOKUP($H17,Listas!$J$2:$L$26,3,0),0,1),"T")) | BB17: =IF(COUNTA($B17)=0,"",IFERROR(IF(W17<=VLOOKUP($H17,Listas!$J$2:$L$26,3,0),0,1),"T")) | BC17: =IF(COUNTA($B17)=0,"",IFERROR(IF(X17<=VLOOKUP($H17,Listas!$J$2:$L$26,3,0),0,1),"T")) | BD17: =IF(COUNTA($B17)=0,"",IFERROR(IF(Y17<=VLOOKUP($H17,Listas!$J$2:$L$26,3,0),0,1),"T")) | BE17: =IF(COUNTA($B17)=0,"",IFERROR(IF(Z17<=VLOOKUP($H17,Listas!$J$2:$L$26,3,0),0,1),"T")) | BF17: =IF(COUNTA($B17)=0,"",IFERROR(IF(AA17<=VLOOKUP($H17,Listas!$J$2:$L$26,3,0),0,1),"T")) | BG17: =IF(COUNTA($B17)=0,"",IFERROR(IF(AB17<=VLOOKUP($H17,Listas!$J$2:$L$26,3,0),0,1),"T")) | BH17: =IF(COUNTA($B17)=0,"",IFERROR(IF(AC17<=VLOOKUP($H17,Listas!$J$2:$L$26,3,0),0,1),"T")) | ... CE17: =IF(COUNTA($B17)=0,"",IFERROR(IF(AZ17<=VLOOKUP($H17,Listas!$J$2:$L$26,3,0),0,1),"T"))
... BA596: =IF(COUNTA($B596)=0,"",IFERROR(IF(V596<=VLOOKUP($H596,Listas!$J$2:$L$26,3,0),0,1),"T")) | BB596: =IF(COUNTA($B596)=0,"",IFERROR(IF(W596<=VLOOKUP($H596,Listas!$J$2:$L$26,3,0),0,1),"T")) | BC596: =IF(COUNTA($B596)=0,"",IFERROR(IF(X596<=VLOOKUP($H596,Listas!$J$2:$L$26,3,0),0,1),"T")) | BD596: =IF(COUNTA($B596)=0,"",IFERROR(IF(Y596<=VLOOKUP($H596,Listas!$J$2:$L$26,3,0),0,1),"T")) | BE596: =IF(COUNTA($B596)=0,"",IFERROR(IF(Z596<=VLOOKUP($H596,Listas!$J$2:$L$26,3,0),0,1),"T")) | BF596: =IF(COUNTA($B596)=0,"",IFERROR(IF(AA596<=VLOOKUP($H596,Listas!$J$2:$L$26,3,0),0,1),"T")) | BG596: =IF(COUNTA($B596)=0,"",IFERROR(IF(AB596<=VLOOKUP($H596,Listas!$J$2:$L$26,3,0),0,1),"T")) | BH596: =IF(COUNTA($B596)=0,"",IFERROR(IF(AC596<=VLOOKUP($H596,Listas!$J$2:$L$26,3,0),0,1),"T")) | ... CE596: =IF(COUNTA($B596)=0,"",IFERROR(IF(AZ596<=VLOOKUP($H596,Listas!$J$2:$L$26,3,0),0,1),"T"))

Sheet Desv_Perm
B2: DETALLE DESVINCULACION : "T R A B A J A D O R P E R M A N E N T E"
B6: A N T E C E D E N T E S G E N E R A L E S D E L T R A B A J A D O R D E S V I N C U L A D O E N E L P E R I O D O
B7: RUT | C7: NOMBRES | D7: APELLIDO PATERNO | E7: APELLIDO MATERNO | F7: FECHA INGRESO | G7: FECHA DE TERMINO | H7: CAUSAL | I7: CARGO LABORAL | J7: CIUDAD / LOCALIDAD

Sheet Nomina_Temp _EnFaena
B1: A N T E C E D E N T E S G E N E R A L E S D E L T R A B A J A D O R E S P O R A D I C O | R1: ACOGIDOS A LEY 21.227 (PROTECCION AL EMPLEO) | T1: ACOGIDOS A LA LEY 21.220 | U1: JORNADA LABORAL | V1: Horas del mes (ingresar horas trabajadas correspondientes al turno de cada trabajador). Si el trabajador no estuvo presente, entonces registrar el valor 0 | BA1: Validaciones
B2: RUT | C2: NOMBRES | D2: APELLIDO PATERNO | E2: APELLIDO MATERNO | F2: FECHA NACIMIENTO | G2: TIPO CONTRATO | H2: TURNO | I2: CARGO | J2: FECHA INGRESO | K2: DOMICILIO PARTICULAR | L2: LOCALIDAD / CIUDAD | M2: REGION | N2: TELEFONO DE CONTACTO | O2: LUGAR DONDE PERNOCTAN | P2: N° DÍAS LICENCIA MEDICA | Q2: SEXO | R2: PACTO REDUCCION TEMPORAL | S2: PACTO SUSPENSION TEMPORAL | T2: TELETRABAJO | V2: 1 | W2: 2 | X2: 3 | Y2: 4 | Z2: 5 | AA2: 6 | AB2: 7 | AC2: 8 | AD2: 9 | AE2: 10 | AF2: 11 | AG2: 12 | AH2: 13 | AI2: 14 | AJ2: 15 | AK2: 16 | AL2: 17 | AM2: 18 | AN2: 19 | AO2: 20 | AP2: 21 | AQ2: 22 | AR2: 23 | AS2: 24 | AT2: 25 | AU2: 26 | AV2: 27 | AW2: 28 | AX2: 29 | AY2: 30 | AZ2: 31 | BA2: 1 | BB2: 2 | BC2: 3 | BD2: 4 | BE2: 5 | BF2: 6 | BG2: 7 | BH2: 8 | BI2: 9 | BJ2: 10 | BK2: 11 | BL2: 12 | BM2: 13 | BN2: 14 | BO2: 15 | BP2: 16 | BQ2: 17 | BR2: 18 | BS2: 19 | BT2: 20 | BU2: 21 | BV2: 22 | BW2: 23 | BX2: 24 | BY2: 25 | BZ2: 26 | CA2: 27 | CB2: 28 | CC2: 29 | CD2: 30 | CE2: 31

Sheet Nomina_Temp_Fuera
B1: A N T E C E D E N T E S G E N E R A L E S D E L T R A B A J A D O R E S P O R A D I C O | R1: ACOGIDOS A LEY 21.227 (PROTECCION AL EMPLEO) | T1: ACOGIDOS A LA LEY 21.220 | U1: JORNADA LABORAL | V1: Horas del mes (ingresar horas trabajadas correspondientes al turno de cada trabajador). Si el trabajador no estuvo presente, entonces registrar el valor 0 | BA1: Validaciones
B2: RUT | C2: NOMBRES | D2: APELLIDO PATERNO | E2: APELLIDO MATERNO | F2: FECHA NACIMIENTO | G2: TIPO CONTRATO | H2: TURNO | I2: CARGO | J2: FECHA INGRESO | K2: DOMICILIO PARTICULAR | L2: LOCALIDAD / CIUDAD | M2: REGION | N2: TELEFONO DE CONTACTO | O2: LUGAR DONDE PERNOCTAN | P2: N° DÍAS LICENCIA MEDICA | Q2: SEXO | R2: PACTO REDUCCION TEMPORAL | S2: PACTO SUSPENSION TEMPORAL | T2: TELETRABAJO | V2: 1 | W2: 2 | X2: 3 | Y2: 4 | Z2: 5 | AA2: 6 | AB2: 7 | AC2: 8 | AD2: 9 | AE2: 10 | AF2: 11 | AG2: 12 | AH2: 13 | AI2: 14 | AJ2: 15 | AK2: 16 | AL2: 17 | AM2: 18 | AN2: 19 | AO2: 20 | AP2: 21 | AQ2: 22 | AR2: 23 | AS2: 24 | AT2: 25 | AU2: 26 | AV2: 27 | AW2: 28 | AX2: 29 | AY2: 30 | AZ2: 31 | BA2: 1 | BB2: 2 | BC2: 3 | BD2: 4 | BE2: 5 | BF2: 6 | BG2: 7 | BH2: 8 | BI2: 9 | BJ2: 10 | BK2: 11 | BL2: 12 | BM2: 13 | BN2: 14 | BO2: 15 | BP2: 16 | BQ2: 17 | BR2: 18 | BS2: 19 | BT2: 20 | BU2: 21 | BV2: 22 | BW2: 23 | BX2: 24 | BY2: 25 | BZ2: 26 | CA2: 27 | CB2: 28 | CC2: 29 | CD2: 30 | CE2: 31
BA3: =IF(COUNTA($B3)=0,"",IFERROR(IF(V3<=VLOOKUP($H3,Listas!$J$2:$L$26,3,0),0,1),"T")) | BB3: =IF(COUNTA($B3)=0,"",IFERROR(IF(W3<=VLOOKUP($H3,Listas!$J$2:$L$26,3,0),0,1),"T")) | BC3: =IF(COUNTA($B3)=0,"",IFERROR(IF(X3<=VLOOKUP($H3,Listas!$J$2:$L$26,3,0),0,1),"T")) | BD3: =IF(COUNTA($B3)=0,"",IFERROR(IF(Y3<=VLOOKUP($H3,Listas!$J$2:$L$26,3,0),0,1),"T")) | BE3: =IF(COUNTA($B3)=0,"",IFERROR(IF(Z3<=VLOOKUP($H3,Listas!$J$2:$L$26,3,0),0,1),"T")) | BF3: =IF(COUNTA($B3)=0,"",IFERROR(IF(AA3<=VLOOKUP($H3,Listas!$J$2:$L$26,3,0),0,1),"T")) | BG3: =IF(COUNTA($B3)=0,"",IFERROR(IF(AB3<=VLOOKUP($H3,Listas!$J$2:$L$26,3,0),0,1),"T")) | BH3: =IF(COUNTA($B3)=0,"",IFERROR(IF(AC3<=VLOOKUP($H3,Listas!$J$2:$L$26,3,0),0,1),"T")) | ... CE3: =IF(COUNTA($B3)=0,"",IFERROR(IF(AZ3<=VLOOKUP($H3,Listas!$J$2:$L$26,3,0),0,1),"T"))
BA4: =IF(COUNTA($B4)=0,"",IFERROR(IF(V4<=VLOOKUP($H4,Listas!$J$2:$L$26,3,0),0,1),"T")) | BB4: =IF(COUNTA($B4)=0,"",IFERROR(IF(W4<=VLOOKUP($H4,Listas!$J$2:$L$26,3,0),0,1),"T")) | BC4: =IF(COUNTA($B4)=0,"",IFERROR(IF(X4<=VLOOKUP($H4,Listas!$J$2:$L$26,3,0),0,1),"T")) | BD4: =IF(COUNTA($B4)=0,"",IFERROR(IF(Y4<=VLOOKUP($H4,Listas!$J$2:$L$26,3,0),0,1),"T")) | BE4: =IF(COUNTA($B4)=0,"",IFERROR(IF(Z4<=VLOOKUP($H4,Listas!$J$2:$L$26,3,0),0,1),"T")) | BF4: =IF(COUNTA($B4)=0,"",IFERROR(IF(AA4<=VLOOKUP($H4,Listas!$J$2:$L$26,3,0),0,1),"T")) | BG4: =IF(COUNTA($B4)=0,"",IFERROR(IF(AB4<=VLOOKUP($H4,Listas!$J$2:$L$26,3,0),0,1),"T")) | BH4: =IF(COUNTA($B4)=0,"",IFERROR(IF(AC4<=VLOOKUP($H4,Listas!$J$2:$L$26,3,0),0,1),"T")) | ... CE4: =IF(COUNTA($B4)=0,"",IFERROR(IF(AZ4<=VLOOKUP($H4,Listas!$J$2:$L$26,3,0),0,1),"T"))
BA5: =IF(COUNTA($B5)=0,"",IFERROR(IF(V5<=VLOOKUP($H5,Listas!$J$2:$L$26,3,0),0,1),"T")) | BB5: =IF(COUNTA($B5)=0,"",IFERROR(IF(W5<=VLOOKUP($H5,Listas!$J$2:$L$26,3,0),0,1),"T")) | BC5: =IF(COUNTA($B5)=0,"",IFERROR(IF(X5<=VLOOKUP($H5,Listas!$J$2:$L$26,3,0),0,1),"T")) | BD5: =IF(COUNTA($B5)=0,"",IFERROR(IF(Y5<=VLOOKUP($H5,Listas!$J$2:$L$26,3,0),0,1),"T")) | BE5: =IF(COUNTA($B5)=0,"",IFERROR(IF(Z5<=VLOOKUP($H5,Listas!$J$2:$L$26,3,0),0,1),"T")) | BF5: =IF(COUNTA($B5)=0,"",IFERROR(IF(AA5<=VLOOKUP($H5,Listas!$J$2:$L$26,3,0),0,1),"T")) | BG5: =IF(COUNTA($B5)=0,"",IFERROR(IF(AB5<=VLOOKUP($H5,Listas!$J$2:$L$26,3,0),0,1),"T")) | BH5: =IF(COUNTA($B5)=0,"",IFERROR(IF(AC5<=VLOOKUP($H5,Listas!$J$2:$L$26,3,0),0,1),"T")) | ... CE5: =IF(COUNTA($B5)=0,"",IFERROR(IF(AZ5<=VLOOKUP($H5,Listas!$J$2:$L$26,3,0),0,1),"T"))
BA6: =IF(COUNTA($B6)=0,"",IFERROR(IF(V6<=VLOOKUP($H6,Listas!$J$2:$L$26,3,0),0,1),"T")) | BB6: =IF(COUNTA($B6)=0,"",IFERROR(IF(W6<=VLOOKUP($H6,Listas!$J$2:$L$26,3,0),0,1),"T")) | BC6: =IF(COUNTA($B6)=0,"",IFERROR(IF(X6<=VLOOKUP($H6,Listas!$J$2:$L$26,3,0),0,1),"T")) | BD6: =IF(COUNTA($B6)=0,"",IFERROR(IF(Y6<=VLOOKUP($H6,Listas!$J$2:$L$26,3,0),0,1),"T")) | BE6: =IF(COUNTA($B6)=0,"",IFERROR(IF(Z6<=VLOOKUP($H6,Listas!$J$2:$L$26,3,0),0,1),"T")) | BF6: =IF(COUNTA($B6)=0,"",IFERROR(IF(AA6<=VLOOKUP($H6,Listas!$J$2:$L$26,3,0),0,1),"T")) | BG6: =IF(COUNTA($B6)=0,"",IFERROR(IF(AB6<=VLOOKUP($H6,Listas!$J$2:$L$26,3,0),0,1),"T")) | BH6: =IF(COUNTA($B6)=0,"",IFERROR(IF(AC6<=VLOOKUP($H6,Listas!$J$2:$L$26,3,0),0,1),"T")) | ... CE6: =IF(COUNTA($B6)=0,"",IFERROR(IF(AZ6<=VLOOKUP($H6,Listas!$J$2:$L$26,3,0),0,1),"T"))
BA7: =IF(COUNTA($B7)=0,"",IFERROR(IF(V7<=VLOOKUP($H7,Listas!$J$2:$L$26,3,0),0,1),"T")) | BB7: =IF(COUNTA($B7)=0,"",IFERROR(IF(W7<=VLOOKUP($H7,Listas!$J$2:$L$26,3,0),0,1),"T")) | BC7: =IF(COUNTA($B7)=0,"",IFERROR(IF(X7<=VLOOKUP($H7,Listas!$J$2:$L$26,3,0),0,1),"T")) | BD7: =IF(COUNTA($B7)=0,"",IFERROR(IF(Y7<=VLOOKUP($H7,Listas!$J$2:$L$26,3,0),0,1),"T")) | BE7: =IF(COUNTA($B7)=0,"",IFERROR(IF(Z7<=VLOOKUP($H7,Listas!$J$2:$L$26,3,0),0,1),"T")) | BF7: =IF(COUNTA($B7)=0,"",IFERROR(IF(AA7<=VLOOKUP($H7,Listas!$J$2:$L$26,3,0),0,1),"T")) | BG7: =IF(COUNTA($B7)=0,"",IFERROR(IF(AB7<=VLOOKUP($H7,Listas!$J$2:$L$26,3,0),0,1),"T")) | BH7: =IF(COUNTA($B7)=0,"",IFERROR(IF(AC7<=VLOOKUP($H7,Listas!$J$2:$L$26,3,0),0,1),"T")) | ... CE7: =IF(COUNTA($B7)=0,"",IFERROR(IF(AZ7<=VLOOKUP($H7,Listas!$J$2:$L$26,3,0),0,1),"T"))
BA8: =IF(COUNTA($B8)=0,"",IFERROR(IF(V8<=VLOOKUP($H8,Listas!$J$2:$L$26,3,0),0,1),"T")) | BB8: =IF(COUNTA($B8)=0,"",IFERROR(IF(W8<=VLOOKUP($H8,Listas!$J$2:$L$26,3,0),0,1),"T")) | BC8: =IF(COUNTA($B8)=0,"",IFERROR(IF(X8<=VLOOKUP($H8,Listas!$J$2:$L$26,3,0),0,1),"T")) | BD8: =IF(COUNTA($B8)=0,"",IFERROR(IF(Y8<=VLOOKUP($H8,Listas!$J$2:$L$26,3,0),0,1),"T")) | BE8: =IF(COUNTA($B8)=0,"",IFERROR(IF(Z8<=VLOOKUP($H8,Listas!$J$2:$L$26,3,0),0,1),"T")) | BF8: =IF(COUNTA($B8)=0,"",IFERROR(IF(AA8<=VLOOKUP($H8,Listas!$J$2:$L$26,3,0),0,1),"T")) | BG8: =IF(COUNTA($B8)=0,"",IFERROR(IF(AB8<=VLOOKUP($H8,Listas!$J$2:$L$26,3,0),0,1),"T")) | BH8: =IF(COUNTA($B8)=0,"",IFERROR(IF(AC8<=VLOOKUP($H8,Listas!$J$2:$L$26,3,0),0,1),"T")) | ... CE8: =IF(COUNTA($B8)=0,"",IFERROR(IF(AZ8<=VLOOKUP($H8,Listas!$J$2:$L$26,3,0),0,1),"T"))
BA9: =IF(COUNTA($B9)=0,"",IFERROR(IF(V9<=VLOOKUP($H9,Listas!$J$2:$L$26,3,0),0,1),"T")) | BB9: =IF(COUNTA($B9)=0,"",IFERROR(IF(W9<=VLOOKUP($H9,Listas!$J$2:$L$26,3,0),0,1),"T")) | BC9: =IF(COUNTA($B9)=0,"",IFERROR(IF(X9<=VLOOKUP($H9,Listas!$J$2:$L$26,3,0),0,1),"T")) | BD9: =IF(COUNTA($B9)=0,"",IFERROR(IF(Y9<=VLOOKUP($H9,Listas!$J$2:$L$26,3,0),0,1),"T")) | BE9: =IF(COUNTA($B9)=0,"",IFERROR(IF(Z9<=VLOOKUP($H9,Listas!$J$2:$L$26,3,0),0,1),"T")) | BF9: =IF(COUNTA($B9)=0,"",IFERROR(IF(AA9<=VLOOKUP($H9,Listas!$J$2:$L$26,3,0),0,1),"T")) | BG9: =IF(COUNTA($B9)=0,"",IFERROR(IF(AB9<=VLOOKUP($H9,Listas!$J$2:$L$26,3,0),0,1),"T")) | BH9: =IF(COUNTA($B9)=0,"",IFERROR(IF(AC9<=VLOOKUP($H9,Listas!$J$2:$L$26,3,0),0,1),"T")) | ... CE9: =IF(COUNTA($B9)=0,"",IFERROR(IF(AZ9<=VLOOKUP($H9,Listas!$J$2:$L$26,3,0),0,1),"T"))
BA10: =IF(COUNTA($B10)=0,"",IFERROR(IF(V10<=VLOOKUP($H10,Listas!$J$2:$L$26,3,0),0,1),"T")) | BB10: =IF(COUNTA($B10)=0,"",IFERROR(IF(W10<=VLOOKUP($H10,Listas!$J$2:$L$26,3,0),0,1),"T")) | BC10: =IF(COUNTA($B10)=0,"",IFERROR(IF(X10<=VLOOKUP($H10,Listas!$J$2:$L$26,3,0),0,1),"T")) | BD10: =IF(COUNTA($B10)=0,"",IFERROR(IF(Y10<=VLOOKUP($H10,Listas!$J$2:$L$26,3,0),0,1),"T")) | BE10: =IF(COUNTA($B10)=0,"",IFERROR(IF(Z10<=VLOOKUP($H10,Listas!$J$2:$L$26,3,0),0,1),"T")) | BF10: =IF(COUNTA($B10)=0,"",IFERROR(IF(AA10<=VLOOKUP($H10,Listas!$J$2:$L$26,3,0),0,1),"T")) | BG10: =IF(COUNTA($B10)=0,"",IFERROR(IF(AB10<=VLOOKUP($H10,Listas!$J$2:$L$26,3,0),0,1),"T")) | BH10: =IF(COUNTA($B10)=0,"",IFERROR(IF(AC10<=VLOOKUP($H10,Listas!$J$2:$L$26,3,0),0,1),"T")) | ... CE10: =IF(COUNTA($B10)=0,"",IFERROR(IF(AZ10<=VLOOKUP($H10,Listas!$J$2:$L$26,3,0),0,1),"T"))
BA11: =IF(COUNTA($B11)=0,"",IFERROR(IF(V11<=VLOOKUP($H11,Listas!$J$2:$L$26,3,0),0,1),"T")) | BB11: =IF(COUNTA($B11)=0,"",IFERROR(IF(W11<=VLOOKUP($H11,Listas!$J$2:$L$26,3,0),0,1),"T")) | BC11: =IF(COUNTA($B11)=0,"",IFERROR(IF(X11<=VLOOKUP($H11,Listas!$J$2:$L$26,3,0),0,1),"T")) | BD11: =IF(COUNTA($B11)=0,"",IFERROR(IF(Y11<=VLOOKUP($H11,Listas!$J$2:$L$26,3,0),0,1),"T")) | BE11: =IF(COUNTA($B11)=0,"",IFERROR(IF(Z11<=VLOOKUP($H11,Listas!$J$2:$L$26,3,0),0,1),"T")) | BF11: =IF(COUNTA($B11)=0,"",IFERROR(IF(AA11<=VLOOKUP($H11,Listas!$J$2:$L$26,3,0),0,1),"T")) | BG11: =IF(COUNTA($B11)=0,"",IFERROR(IF(AB11<=VLOOKUP($H11,Listas!$J$2:$L$26,3,0),0,1),"T")) | BH11: =IF(COUNTA($B11)=0,"",IFERROR(IF(AC11<=VLOOKUP($H11,Listas!$J$2:$L$26,3,0),0,1),"T")) | ... CE11: =IF(COUNTA($B11)=0,"",IFERROR(IF(AZ11<=VLOOKUP($H11,Listas!$J$2:$L$26,3,0),0,1),"T"))
BA12: =IF(COUNTA($B12)=0,"",IFERROR(IF(V12<=VLOOKUP($H12,Listas!$J$2:$L$26,3,0),0,1),"T")) | BB12: =IF(COUNTA($B12)=0,"",IFERROR(IF(W12<=VLOOKUP($H12,Listas!$J$2:$L$26,3,0),0,1),"T")) | BC12: =IF(COUNTA($B12)=0,"",IFERROR(IF(X12<=VLOOKUP($H12,Listas!$J$2:$L$26,3,0),0,1),"T")) | BD12: =IF(COUNTA($B12)=0,"",IFERROR(IF(Y12<=VLOOKUP($H12,Listas!$J$2:$L$26,3,0),0,1),"T")) | BE12: =IF(COUNTA($B12)=0,"",IFERROR(IF(Z12<=VLOOKUP($H12,Listas!$J$2:$L$26,3,0),0,1),"T")) | BF12: =IF(COUNTA($B12)=0,"",IFERROR(IF(AA12<=VLOOKUP($H12,Listas!$J$2:$L$26,3,0),0,1),"T")) | BG12: =IF(COUNTA($B12)=0,"",IFERROR(IF(AB12<=VLOOKUP($H12,Listas!$J$2:$L$26,3,0),0,1),"T")) | BH12: =IF(COUNTA($B12)=0,"",IFERROR(IF(AC12<=VLOOKUP($H12,Listas!$J$2:$L$26,3,0),0,1),"T")) | ... CE12: =IF(COUNTA($B12)=0,"",IFERROR(IF(AZ12<=VLOOKUP($H12,Listas!$J$2:$L$26,3,0),0,1),"T"))
BA13: =IF(COUNTA($B13)=0,"",IFERROR(IF(V13<=VLOOKUP($H13,Listas!$J$2:$L$26,3,0),0,1),"T")) | BB13: =IF(COUNTA($B13)=0,"",IFERROR(IF(W13<=VLOOKUP($H13,Listas!$J$2:$L$26,3,0),0,1),"T")) | BC13: =IF(COUNTA($B13)=0,"",IFERROR(IF(X13<=VLOOKUP($H13,Listas!$J$2:$L$26,3,0),0,1),"T")) | BD13: =IF(COUNTA($B13)=0,"",IFERROR(IF(Y13<=VLOOKUP($H13,Listas!$J$2:$L$26,3,0),0,1),"T")) | BE13: =IF(COUNTA($B13)=0,"",IFERROR(IF(Z13<=VLOOKUP($H13,Listas!$J$2:$L$26,3,0),0,1),"T")) | BF13: =IF(COUNTA($B13)=0,"",IFERROR(IF(AA13<=VLOOKUP($H13,Listas!$J$2:$L$26,3,0),0,1),"T")) | BG13: =IF(COUNTA($B13)=0,"",IFERROR(IF(AB13<=VLOOKUP($H13,Listas!$J$2:$L$26,3,0),0,1),"T")) | BH13: =IF(COUNTA($B13)=0,"",IFERROR(IF(AC13<=VLOOKUP($H13,Listas!$J$2:$L$26,3,0),0,1),"T")) | ... CE13: =IF(COUNTA($B13)=0,"",IFERROR(IF(AZ13<=VLOOKUP($H13,Listas!$J$2:$L$26,3,0),0,1),"T"))
BA14: =IF(COUNTA($B14)=0,"",IFERROR(IF(V14<=VLOOKUP($H14,Listas!$J$2:$L$26,3,0),0,1),"T")) | BB14: =IF(COUNTA($B14)=0,"",IFERROR(IF(W14<=VLOOKUP($H14,Listas!$J$2:$L$26,3,0),0,1),"T")) | BC14: =IF(COUNTA($B14)=0,"",IFERROR(IF(X14<=VLOOKUP($H14,Listas!$J$2:$L$26,3,0),0,1),"T")) | BD14: =IF(COUNTA($B14)=0,"",IFERROR(IF(Y14<=VLOOKUP($H14,Listas!$J$2:$L$26,3,0),0,1),"T")) | BE14: =IF(COUNTA($B14)=0,"",IFERROR(IF(Z14<=VLOOKUP($H14,Listas!$J$2:$L$26,3,0),0,1),"T")) | BF14: =IF(COUNTA($B14)=0,"",IFERROR(IF(AA14<=VLOOKUP($H14,Listas!$J$2:$L$26,3,0),0,1),"T")) | BG14: =IF(COUNTA($B14)=0,"",IFERROR(IF(AB14<=VLOOKUP($H14,Listas!$J$2:$L$26,3,0),0,1),"T")) | BH14: =IF(COUNTA($B14)=0,"",IFERROR(IF(AC14<=VLOOKUP($H14,Listas!$J$2:$L$26,3,0),0,1),"T")) | ... CE14: =IF(COUNTA($B14)=0,"",IFERROR(IF(AZ14<=VLOOKUP($H14,Listas!$J$2:$L$26,3,0),0,1),"T"))
... BA600: =IF(COUNTA($B600)=0,"",IFERROR(IF(V600<=VLOOKUP($H600,Listas!$J$2:$L$26,3,0),0,1),"T")) | BB600: =IF(COUNTA($B600)=0,"",IFERROR(IF(W600<=VLOOKUP($H600,Listas!$J$2:$L$26,3,0),0,1),"T")) | BC600: =IF(COUNTA($B600)=0,"",IFERROR(IF(X600<=VLOOKUP($H600,Listas!$J$2:$L$26,3,0),0,1),"T")) | BD600: =IF(COUNTA($B600)=0,"",IFERROR(IF(Y600<=VLOOKUP($H600,Listas!$J$2:$L$26,3,0),0,1),"T")) | BE600: =IF(COUNTA($B600)=0,"",IFERROR(IF(Z600<=VLOOKUP($H600,Listas!$J$2:$L$26,3,0),0,1),"T")) | BF600: =IF(COUNTA($B600)=0,"",IFERROR(IF(AA600<=VLOOKUP($H600,Listas!$J$2:$L$26,3,0),0,1),"T")) | BG600: =IF(COUNTA($B600)=0,"",IFERROR(IF(AB600<=VLOOKUP($H600,Listas!$J$2:$L$26,3,0),0,1),"T")) | BH600: =IF(COUNTA($B600)=0,"",IFERROR(IF(AC600<=VLOOKUP($H600,Listas!$J$2:$L$26,3,0),0,1),"T")) | ... CE600: =IF(COUNTA($B600)=0,"",IFERROR(IF(AZ600<=VLOOKUP($H600,Listas!$J$2:$L$26,3,0),0,1),"T"))

Sheet Nomina_Temp_Teletrabajo
B1: A N T E C E D E N T E S G E N E R A L E S D E L T R A B A J A D O R E S P O R A D I C O | R1: ACOGIDOS A LEY 21.227 (PROTECCION AL EMPLEO) | T1: ACOGIDOS A LA LEY 21.220 | U1: JORNADA LABORAL | V1: Horas del mes (ingresar horas trabajadas correspondientes al turno de cada trabajador). Si el trabajador no estuvo presente, entonces registrar el valor 0 | BA1: Validaciones
B2: RUT | C2: NOMBRES | D2: APELLIDO PATERNO | E2: APELLIDO MATERNO | F2: FECHA NACIMIENTO | G2: TIPO CONTRATO | H2: TURNO | I2: CARGO | J2: FECHA INGRESO | K2: DOMICILIO PARTICULAR | L2: LOCALIDAD / CIUDAD | M2: REGION | N2: TELEFONO DE CONTACTO | O2: LUGAR DONDE PERNOCTAN | P2: N° DÍAS LICENCIA MEDICA | Q2: SEXO | R2: PACTO REDUCCION TEMPORAL | S2: PACTO SUSPENSION TEMPORAL | T2: TELETRABAJO | V2: 1 | W2: 2 | X2: 3 | Y2: 4 | Z2: 5 | AA2: 6 | AB2: 7 | AC2: 8 | AD2: 9 | AE2: 10 | AF2: 11 | AG2: 12 | AH2: 13 | AI2: 14 | AJ2: 15 | AK2: 16 | AL2: 17 | AM2: 18 | AN2: 19 | AO2: 20 | AP2: 21 | AQ2: 22 | AR2: 23 | AS2: 24 | AT2: 25 | AU2: 26 | AV2: 27 | AW2: 28 | AX2: 29 | AY2: 30 | AZ2: 31 | BA2: 1 | BB2: 2 | BC2: 3 | BD2: 4 | BE2: 5 | BF2: 6 | BG2: 7 | BH2: 8 | BI2: 9 | BJ2: 10 | BK2: 11 | BL2: 12 | BM2: 13 | BN2: 14 | BO2: 15 | BP2: 16 | BQ2: 17 | BR2: 18 | BS2: 19 | BT2: 20 | BU2: 21 | BV2: 22 | BW2: 23 | BX2: 24 | BY2: 25 | BZ2: 26 | CA2: 27 | CB2: 28 | CC2: 29 | CD2: 30 | CE2: 31
BA3: =IF(COUNTA($B3)=0,"",IFERROR(IF(V3<=VLOOKUP($H3,Listas!$J$2:$L$26,3,0),0,1),"T")) | BB3: =IF(COUNTA($B3)=0,"",IFERROR(IF(W3<=VLOOKUP($H3,Listas!$J$2:$L$26,3,0),0,1),"T")) | BC3: =IF(COUNTA($B3)=0,"",IFERROR(IF(X3<=VLOOKUP($H3,Listas!$J$2:$L$26,3,0),0,1),"T")) | BD3: =IF(COUNTA($B3)=0,"",IFERROR(IF(Y3<=VLOOKUP($H3,Listas!$J$2:$L$26,3,0),0,1),"T")) | BE3: =IF(COUNTA($B3)=0,"",IFERROR(IF(Z3<=VLOOKUP($H3,Listas!$J$2:$L$26,3,0),0,1),"T")) | BF3: =IF(COUNTA($B3)=0,"",IFERROR(IF(AA3<=VLOOKUP($H3,Listas!$J$2:$L$26,3,0),0,1),"T")) | BG3: =IF(COUNTA($B3)=0,"",IFERROR(IF(AB3<=VLOOKUP($H3,Listas!$J$2:$L$26,3,0),0,1),"T")) | BH3: =IF(COUNTA($B3)=0,"",IFERROR(IF(AC3<=VLOOKUP($H3,Listas!$J$2:$L$26,3,0),0,1),"T")) | ... CE3: =IF(COUNTA($B3)=0,"",IFERROR(IF(AZ3<=VLOOKUP($H3,Listas!$J$2:$L$26,3,0),0,1),"T"))
BA4: =IF(COUNTA($B4)=0,"",IFERROR(IF(V4<=VLOOKUP($H4,Listas!$J$2:$L$26,3,0),0,1),"T")) | BB4: =IF(COUNTA($B4)=0,"",IFERROR(IF(W4<=VLOOKUP($H4,Listas!$J$2:$L$26,3,0),0,1),"T")) | BC4: =IF(COUNTA($B4)=0,"",IFERROR(IF(X4<=VLOOKUP($H4,Listas!$J$2:$L$26,3,0),0,1),"T")) | BD4: =IF(COUNTA($B4)=0,"",IFERROR(IF(Y4<=VLOOKUP($H4,Listas!$J$2:$L$26,3,0),0,1),"T")) | BE4: =IF(COUNTA($B4)=0,"",IFERROR(IF(Z4<=VLOOKUP($H4,Listas!$J$2:$L$26,3,0),0,1),"T")) | BF4: =IF(COUNTA($B4)=0,"",IFERROR(IF(AA4<=VLOOKUP($H4,Listas!$J$2:$L$26,3,0),0,1),"T")) | BG4: =IF(COUNTA($B4)=0,"",IFERROR(IF(AB4<=VLOOKUP($H4,Listas!$J$2:$L$26,3,0),0,1),"T")) | BH4: =IF(COUNTA($B4)=0,"",IFERROR(IF(AC4<=VLOOKUP($H4,Listas!$J$2:$L$26,3,0),0,1),"T")) | ... CE4: =IF(COUNTA($B4)=0,"",IFERROR(IF(AZ4<=VLOOKUP($H4,Listas!$J$2:$L$26,3,0),0,1),"T"))
BA5: =IF(COUNTA($B5)=0,"",IFERROR(IF(V5<=VLOOKUP($H5,Listas!$J$2:$L$26,3,0),0,1),"T")) | BB5: =IF(COUNTA($B5)=0,"",IFERROR(IF(W5<=VLOOKUP($H5,Listas!$J$2:$L$26,3,0),0,1),"T")) | BC5: =IF(COUNTA($B5)=0,"",IFERROR(IF(X5<=VLOOKUP($H5,Listas!$J$2:$L$26,3,0),0,1),"T")) | BD5: =IF(COUNTA($B5)=0,"",IFERROR(IF(Y5<=VLOOKUP($H5,Listas!$J$2:$L$26,3,0),0,1),"T")) | BE5: =IF(COUNTA($B5)=0,"",IFERROR(IF(Z5<=VLOOKUP($H5,Listas!$J$2:$L$26,3,0),0,1),"T")) | BF5: =IF(COUNTA($B5)=0,"",IFERROR(IF(AA5<=VLOOKUP($H5,Listas!$J$2:$L$26,3,0),0,1),"T")) | BG5: =IF(COUNTA($B5)=0,"",IFERROR(IF(AB5<=VLOOKUP($H5,Listas!$J$2:$L$26,3,0),0,1),"T")) | BH5: =IF(COUNTA($B5)=0,"",IFERROR(IF(AC5<=VLOOKUP($H5,Listas!$J$2:$L$26,3,0),0,1),"T")) | ... CE5: =IF(COUNTA($B5)=0,"",IFERROR(IF(AZ5<=VLOOKUP($H5,Listas!$J$2:$L$26,3,0),0,1),"T"))
BA6: =IF(COUNTA($B6)=0,"",IFERROR(IF(V6<=VLOOKUP($H6,Listas!$J$2:$L$26,3,0),0,1),"T")) | BB6: =IF(COUNTA($B6)=0,"",IFERROR(IF(W6<=VLOOKUP($H6,Listas!$J$2:$L$26,3,0),0,1),"T")) | BC6: =IF(COUNTA($B6)=0,"",IFERROR(IF(X6<=VLOOKUP($H6,Listas!$J$2:$L$26,3,0),0,1),"T")) | BD6: =IF(COUNTA($B6)=0,"",IFERROR(IF(Y6<=VLOOKUP($H6,Listas!$J$2:$L$26,3,0),0,1),"T")) | BE6: =IF(COUNTA($B6)=0,"",IFERROR(IF(Z6<=VLOOKUP($H6,Listas!$J$2:$L$26,3,0),0,1),"T")) | BF6: =IF(COUNTA($B6)=0,"",IFERROR(IF(AA6<=VLOOKUP($H6,Listas!$J$2:$L$26,3,0),0,1),"T")) | BG6: =IF(COUNTA($B6)=0,"",IFERROR(IF(AB6<=VLOOKUP($H6,Listas!$J$2:$L$26,3,0),0,1),"T")) | BH6: =IF(COUNTA($B6)=0,"",IFERROR(IF(AC6<=VLOOKUP($H6,Listas!$J$2:$L$26,3,0),0,1),"T")) | ... CE6: =IF(COUNTA($B6)=0,"",IFERROR(IF(AZ6<=VLOOKUP($H6,Listas!$J$2:$L$26,3,0),0,1),"T"))
BA7: =IF(COUNTA($B7)=0,"",IFERROR(IF(V7<=VLOOKUP($H7,Listas!$J$2:$L$26,3,0),0,1),"T")) | BB7: =IF(COUNTA($B7)=0,"",IFERROR(IF(W7<=VLOOKUP($H7,Listas!$J$2:$L$26,3,0),0,1),"T")) | BC7: =IF(COUNTA($B7)=0,"",IFERROR(IF(X7<=VLOOKUP($H7,Listas!$J$2:$L$26,3,0),0,1),"T")) | BD7: =IF(COUNTA($B7)=0,"",IFERROR(IF(Y7<=VLOOKUP($H7,Listas!$J$2:$L$26,3,0),0,1),"T")) | BE7: =IF(COUNTA($B7)=0,"",IFERROR(IF(Z7<=VLOOKUP($H7,Listas!$J$2:$L$26,3,0),0,1),"T")) | BF7: =IF(COUNTA($B7)=0,"",IFERROR(IF(AA7<=VLOOKUP($H7,Listas!$J$2:$L$26,3,0),0,1),"T")) | BG7: =IF(COUNTA($B7)=0,"",IFERROR(IF(AB7<=VLOOKUP($H7,Listas!$J$2:$L$26,3,0),0,1),"T")) | BH7: =IF(COUNTA($B7)=0,"",IFERROR(IF(AC7<=VLOOKUP($H7,Listas!$J$2:$L$26,3,0),0,1),"T")) | ... CE7: =IF(COUNTA($B7)=0,"",IFERROR(IF(AZ7<=VLOOKUP($H7,Listas!$J$2:$L$26,3,0),0,1),"T"))
BA8: =IF(COUNTA($B8)=0,"",IFERROR(IF(V8<=VLOOKUP($H8,Listas!$J$2:$L$26,3,0),0,1),"T")) | BB8: =IF(COUNTA($B8)=0,"",IFERROR(IF(W8<=VLOOKUP($H8,Listas!$J$2:$L$26,3,0),0,1),"T")) | BC8: =IF(COUNTA($B8)=0,"",IFERROR(IF(X8<=VLOOKUP($H8,Listas!$J$2:$L$26,3,0),0,1),"T")) | BD8: =IF(COUNTA($B8)=0,"",IFERROR(IF(Y8<=VLOOKUP($H8,Listas!$J$2:$L$26,3,0),0,1),"T")) | BE8: =IF(COUNTA($B8)=0,"",IFERROR(IF(Z8<=VLOOKUP($H8,Listas!$J$2:$L$26,3,0),0,1),"T")) | BF8: =IF(COUNTA($B8)=0,"",IFERROR(IF(AA8<=VLOOKUP($H8,Listas!$J$2:$L$26,3,0),0,1),"T")) | BG8: =IF(COUNTA($B8)=0,"",IFERROR(IF(AB8<=VLOOKUP($H8,Listas!$J$2:$L$26,3,0),0,1),"T")) | BH8: =IF(COUNTA($B8)=0,"",IFERROR(IF(AC8<=VLOOKUP($H8,Listas!$J$2:$L$26,3,0),0,1),"T")) | ... CE8: =IF(COUNTA($B8)=0,"",IFERROR(IF(AZ8<=VLOOKUP($H8,Listas!$J$2:$L$26,3,0),0,1),"T"))
BA9: =IF(COUNTA($B9)=0,"",IFERROR(IF(V9<=VLOOKUP($H9,Listas!$J$2:$L$26,3,0),0,1),"T")) | BB9: =IF(COUNTA($B9)=0,"",IFERROR(IF(W9<=VLOOKUP($H9,Listas!$J$2:$L$26,3,0),0,1),"T")) | BC9: =IF(COUNTA($B9)=0,"",IFERROR(IF(X9<=VLOOKUP($H9,Listas!$J$2:$L$26,3,0),0,1),"T")) | BD9: =IF(COUNTA($B9)=0,"",IFERROR(IF(Y9<=VLOOKUP($H9,Listas!$J$2:$L$26,3,0),0,1),"T")) | BE9: =IF(COUNTA($B9)=0,"",IFERROR(IF(Z9<=VLOOKUP($H9,Listas!$J$2:$L$26,3,0),0,1),"T")) | BF9: =IF(COUNTA($B9)=0,"",IFERROR(IF(AA9<=VLOOKUP($H9,Listas!$J$2:$L$26,3,0),0,1),"T")) | BG9: =IF(COUNTA($B9)=0,"",IFERROR(IF(AB9<=VLOOKUP($H9,Listas!$J$2:$L$26,3,0),0,1),"T")) | BH9: =IF(COUNTA($B9)=0,"",IFERROR(IF(AC9<=VLOOKUP($H9,Listas!$J$2:$L$26,3,0),0,1),"T")) | ... CE9: =IF(COUNTA($B9)=0,"",IFERROR(IF(AZ9<=VLOOKUP($H9,Listas!$J$2:$L$26,3,0),0,1),"T"))
BA10: =IF(COUNTA($B10)=0,"",IFERROR(IF(V10<=VLOOKUP($H10,Listas!$J$2:$L$26,3,0),0,1),"T")) | BB10: =IF(COUNTA($B10)=0,"",IFERROR(IF(W10<=VLOOKUP($H10,Listas!$J$2:$L$26,3,0),0,1),"T")) | BC10: =IF(COUNTA($B10)=0,"",IFERROR(IF(X10<=VLOOKUP($H10,Listas!$J$2:$L$26,3,0),0,1),"T")) | BD10: =IF(COUNTA($B10)=0,"",IFERROR(IF(Y10<=VLOOKUP($H10,Listas!$J$2:$L$26,3,0),0,1),"T")) | BE10: =IF(COUNTA($B10)=0,"",IFERROR(IF(Z10<=VLOOKUP($H10,Listas!$J$2:$L$26,3,0),0,1),"T")) | BF10: =IF(COUNTA($B10)=0,"",IFERROR(IF(AA10<=VLOOKUP($H10,Listas!$J$2:$L$26,3,0),0,1),"T")) | BG10: =IF(COUNTA($B10)=0,"",IFERROR(IF(AB10<=VLOOKUP($H10,Listas!$J$2:$L$26,3,0),0,1),"T")) | BH10: =IF(COUNTA($B10)=0,"",IFERROR(IF(AC10<=VLOOKUP($H10,Listas!$J$2:$L$26,3,0),0,1),"T")) | ... CE10: =IF(COUNTA($B10)=0,"",IFERROR(IF(AZ10<=VLOOKUP($H10,Listas!$J$2:$L$26,3,0),0,1),"T"))
BA11: =IF(COUNTA($B11)=0,"",IFERROR(IF(V11<=VLOOKUP($H11,Listas!$J$2:$L$26,3,0),0,1),"T")) | BB11: =IF(COUNTA($B11)=0,"",IFERROR(IF(W11<=VLOOKUP($H11,Listas!$J$2:$L$26,3,0),0,1),"T")) | BC11: =IF(COUNTA($B11)=0,"",IFERROR(IF(X11<=VLOOKUP($H11,Listas!$J$2:$L$26,3,0),0,1),"T")) | BD11: =IF(COUNTA($B11)=0,"",IFERROR(IF(Y11<=VLOOKUP($H11,Listas!$J$2:$L$26,3,0),0,1),"T")) | BE11: =IF(COUNTA($B11)=0,"",IFERROR(IF(Z11<=VLOOKUP($H11,Listas!$J$2:$L$26,3,0),0,1),"T")) | BF11: =IF(COUNTA($B11)=0,"",IFERROR(IF(AA11<=VLOOKUP($H11,Listas!$J$2:$L$26,3,0),0,1),"T")) | BG11: =IF(COUNTA($B11)=0,"",IFERROR(IF(AB11<=VLOOKUP($H11,Listas!$J$2:$L$26,3,0),0,1),"T")) | BH11: =IF(COUNTA($B11)=0,"",IFERROR(IF(AC11<=VLOOKUP($H11,Listas!$J$2:$L$26,3,0),0,1),"T")) | ... CE11: =IF(COUNTA($B11)=0,"",IFERROR(IF(AZ11<=VLOOKUP($H11,Listas!$J$2:$L$26,3,0),0,1),"T"))
BA12: =IF(COUNTA($B12)=0,"",IFERROR(IF(V12<=VLOOKUP($H12,Listas!$J$2:$L$26,3,0),0,1),"T")) | BB12: =IF(COUNTA($B12)=0,"",IFERROR(IF(W12<=VLOOKUP($H12,Listas!$J$2:$L$26,3,0),0,1),"T")) | BC12: =IF(COUNTA($B12)=0,"",IFERROR(IF(X12<=VLOOKUP($H12,Listas!$J$2:$L$26,3,0),0,1),"T")) | BD12: =IF(COUNTA($B12)=0,"",IFERROR(IF(Y12<=VLOOKUP($H12,Listas!$J$2:$L$26,3,0),0,1),"T")) | BE12: =IF(COUNTA($B12)=0,"",IFERROR(IF(Z12<=VLOOKUP($H12,Listas!$J$2:$L$26,3,0),0,1),"T")) | BF12: =IF(COUNTA($B12)=0,"",IFERROR(IF(AA12<=VLOOKUP($H12,Listas!$J$2:$L$26,3,0),0,1),"T")) | BG12: =IF(COUNTA($B12)=0,"",IFERROR(IF(AB12<=VLOOKUP($H12,Listas!$J$2:$L$26,3,0),0,1),"T")) | BH12: =IF(COUNTA($B12)=0,"",IFERROR(IF(AC12<=VLOOKUP($H12,Listas!$J$2:$L$26,3,0),0,1),"T")) | ... CE12: =IF(COUNTA($B12)=0,"",IFERROR(IF(AZ12<=VLOOKUP($H12,Listas!$J$2:$L$26,3,0),0,1),"T"))
BA13: =IF(COUNTA($B13)=0,"",IFERROR(IF(V13<=VLOOKUP($H13,Listas!$J$2:$L$26,3,0),0,1),"T")) | BB13: =IF(COUNTA($B13)=0,"",IFERROR(IF(W13<=VLOOKUP($H13,Listas!$J$2:$L$26,3,0),0,1),"T")) | BC13: =IF(COUNTA($B13)=0,"",IFERROR(IF(X13<=VLOOKUP($H13,Listas!$J$2:$L$26,3,0),0,1),"T")) | BD13: =IF(COUNTA($B13)=0,"",IFERROR(IF(Y13<=VLOOKUP($H13,Listas!$J$2:$L$26,3,0),0,1),"T")) | BE13: =IF(COUNTA($B13)=0,"",IFERROR(IF(Z13<=VLOOKUP($H13,Listas!$J$2:$L$26,3,0),0,1),"T")) | BF13: =IF(COUNTA($B13)=0,"",IFERROR(IF(AA13<=VLOOKUP($H13,Listas!$J$2:$L$26,3,0),0,1),"T")) | BG13: =IF(COUNTA($B13)=0,"",IFERROR(IF(AB13<=VLOOKUP($H13,Listas!$J$2:$L$26,3,0),0,1),"T")) | BH13: =IF(COUNTA($B13)=0,"",IFERROR(IF(AC13<=VLOOKUP($H13,Listas!$J$2:$L$26,3,0),0,1),"T")) | ... CE13: =IF(COUNTA($B13)=0,"",IFERROR(IF(AZ13<=VLOOKUP($H13,Listas!$J$2:$L$26,3,0),0,1),"T"))
BA14: =IF(COUNTA($B14)=0,"",IFERROR(IF(V14<=VLOOKUP($H14,Listas!$J$2:$L$26,3,0),0,1),"T")) | BB14: =IF(COUNTA($B14)=0,"",IFERROR(IF(W14<=VLOOKUP($H14,Listas!$J$2:$L$26,3,0),0,1),"T")) | BC14: =IF(COUNTA($B14)=0,"",IFERROR(IF(X14<=VLOOKUP($H14,Listas!$J$2:$L$26,3,0),0,1),"T")) | BD14: =IF(COUNTA($B14)=0,"",IFERROR(IF(Y14<=VLOOKUP($H14,Listas!$J$2:$L$26,3,0),0,1),"T")) | BE14: =IF(COUNTA($B14)=0,"",IFERROR(IF(Z14<=VLOOKUP($H14,Listas!$J$2:$L$26,3,0),0,1),"T")) | BF14: =IF(COUNTA($B14)=0,"",IFERROR(IF(AA14<=VLOOKUP($H14,Listas!$J$2:$L$26,3,0),0,1),"T")) | BG14: =IF(COUNTA($B14)=0,"",IFERROR(IF(AB14<=VLOOKUP($H14,Listas!$J$2:$L$26,3,0),0,1),"T")) | BH14: =IF(COUNTA($B14)=0,"",IFERROR(IF(AC14<=VLOOKUP($H14,Listas!$J$2:$L$26,3,0),0,1),"T")) | ... CE14: =IF(COUNTA($B14)=0,"",IFERROR(IF(AZ14<=VLOOKUP($H14,Listas!$J$2:$L$26,3,0),0,1),"T"))
... BA600: =IF(COUNTA($B600)=0,"",IFERROR(IF(V600<=VLOOKUP($H600,Listas!$J$2:$L$26,3,0),0,1),"T")) | BB600: =IF(COUNTA($B600)=0,"",IFERROR(IF(W600<=VLOOKUP($H600,Listas!$J$2:$L$26,3,0),0,1),"T")) | BC600: =IF(COUNTA($B600)=0,"",IFERROR(IF(X600<=VLOOKUP($H600,Listas!$J$2:$L$26,3,0),0,1),"T")) | BD600: =IF(COUNTA($B600)=0,"",IFERROR(IF(Y600<=VLOOKUP($H600,Listas!$J$2:$L$26,3,0),0,1),"T")) | BE600: =IF(COUNTA($B600)=0,"",IFERROR(IF(Z600<=VLOOKUP($H600,Listas!$J$2:$L$26,3,0),0,1),"T")) | BF600: =IF(COUNTA($B600)=0,"",IFERROR(IF(AA600<=VLOOKUP($H600,Listas!$J$2:$L$26,3,0),0,1),"T")) | BG600: =IF(COUNTA($B600)=0,"",IFERROR(IF(AB600<=VLOOKUP($H600,Listas!$J$2:$L$26,3,0),0,1),"T")) | BH600: =IF(COUNTA($B600)=0,"",IFERROR(IF(AC600<=VLOOKUP($H600,Listas!$J$2:$L$26,3,0),0,1),"T")) | ... CE600: =IF(COUNTA($B600)=0,"",IFERROR(IF(AZ600<=VLOOKUP($H600,Listas!$J$2:$L$26,3,0),0,1),"T"))

Sheet Desv_Temp
B2: DETALLE DESVINCULACION : "T R A B A J A D O R E S P O R A D I C O"
B6: A N T E C E D E N T E S G E N E R A L E S D E L T R A B A J A D O R D E S V I N C U L A D O E N E L P E R I O D O
B7: RUT | C7: NOMBRES | D7: APELLIDO PATERNO | E7: APELLIDO MATERNO | F7: FECHA INGRESO | G7: FECHA DE TERMINO | H7: CAUSAL | I7: CARGO LABORAL | J7: CIUDAD / LOCALIDAD

Sheet Intrucciones de Llenado
B1: INSTRUCCIONES EN GENERAL.-
B3: LA INFORMACION DEBERA SER ENVIADA LOS DIAS 25 DE CADA MES.-
B4: SE DEBE COMPLETAR TODOS LOS CAMPOS REQUERIDOS PARA PODER LLEVAR UNA BASE DE DATOS
B7: LEY 21.227 | D7: Objetivo : Proteger la estabilidad de la relación laboral en el tiempo de contingencias, evitando que las empresas efectuen despidos masivos.
D8: La ley regula 3 situaciones :
D9: 1.- Suspensión temporal del contrato de trabajo por acto de la autoridad.
D10: 2.- Suspensión temporal del contrato de trabajo por medio de un pacto (Empleador y Trabajador )
D11: 3.- Pacto de reducción temporal de la jornada de trabajo (Empleador y Trabajador )
B13: LEY 21.220 | D13: Ley que "Modifica el Código del Trabajo en materia de trabajo a distancia"
D14: Trabajo a distancia: aquel en el que el trabajador presta sus servicios, total o parcialmente, desde su domicilio u otro lugar o lugares distintos de los establecimientos, instalaciones o faenas de la Empresa.
D15: Teletrabajo si los servicios son prestados mediante la utilización de medios tecnológicos, informáticos o de telecomunicaciones o si tales servicios deben reportarse mediante esos medios.
B17: CAUSAL (DESVINCULACION) | D17: COMPLETAR CON EL MOTIVO DE LA DESVINCULACION SEGÚN LOS ARTICULOS DEL CODIGO DEL TRABAJO ,EJEMPLO:
D18: Artículo 159…del 1 al 6
D20: Artículo 159-1:Mutuo acuerdo de las partes.
D21: Artículo 159-2:Renuncia del trabajador, dando aviso a su empleador con 30 días de anticipación.
D23: Artículo 160 del 1 al 7
D25: Articulo 161-1 :Necesidades de la Empresa
B27: NOMINAS | D27: Las nóminas tienen listas desplegables, con la finalidad de unificar la información de cada trabajador de las EECC en MLP, por lo cual deben ser ocupadas para el llenado de cada dato solicitado.
B30: Deben ser ingresados todos los campos indicados en este informe, sino el documento será devuelto y de no ser reenviado antes del día 25 del mes en curso irá con calificación 0% lo que perjudica la NOTA general de la empresa respecto al informe GIP (GESTION INTEGRAL DE LAS PERSONAS)

Sheet Listas
A1: TIPO DE CONTRATO | B1: TIPO DE TURNO | C1: CUIDAD | D1: REGION | E1: LUGAR DONDE PERNOCTA | F1: N° DÍAS LICENCIA MEDICA | G1: SEXO | H1: TIPO JORNADA | I1: JORNADA NORMAL | J1: Turnos | K1: Días Laborales | L1: HH max por día turno
A2: Indefinido | B2: 7x7 | C2: Salamanca | D2: Arica y Parinacota | E2: Area Chacay | F2: 0 | G2: Femenino | H2: Si | I2: En Faena | J2: 4x3 | K2: 4 | L2: 11.25
A3: Plazo Fijo | B3: 4x3 | C3: Salamanca - Arboleda | D3: Tarapacá | E3: Area Mina | F3: 1 | G3: Masculino | H3: No Aplica | I3: Fuera Faena | J3: 4x4 | K3: 4 | L3: 12
A4: Por Obra | B4: 5X2 | C4: Salamanca - Batuco | D4: Antofagasta | E4: Area Mauro | F4: 2 | I4: Dentro y Fuera Faena | J4: 5x2 | K4: 5 | L4: 9
A5: Honorarios | B5: 8x6 (bisemanal) | C5: Salamanca - Camisas | D5: Atacama | E5: Domicilio Particular del Trabajador | F5: 3 | I5: No ejecuta tareas pero esta a disposicion | J5: 6x1 | K5: 6 | L5: 7.5
B6: 8x6 (extraordinario) | C6: Salamanca - Cancha Brava | D6: Coquimbo | E6: Fuera Faena lugar dispuesto por EECC | F6: 4 | I6: No Aplica | J6: 7x7 | K6: 7 | L6: 12
B7: 10x5 | C7: Salamanca - Chalinga | D7: Valparaíso | F7: 5 | J7: 8x6 Ordinaria | K7: 8 | L7: 10
B8: 6x1 | C8: Salamanca - Chillepin | D8: Libertador Gral. Bernardo O’Higgins | F8: 6 | J8: 8x6 Excepcional | K8: 8 | L8: 12
B9: 14x14 | C9: Salamanca - Chuchiñí | D9: Maule | F9: 7 | J9: 9x5 | K9: 9 | L9: 10
B10: 9x5 | C10: Salamanca - Coirón | D10: Ñuble | F10: 8 | J10: 10x5 | K10: 10 | L10: 9
B11: Art.22-2 | C11: Salamanca - Colliguay | D11: Biobío | F11: 9 | J11: 10x10 | K11: 10 | L11: 12
B12: Art. 25 bis | C12: Salamanca - Cuncumen | D12: La Araucanía | F12: 10 | J12: 14x7 | K12: 14 | L12: 9.6
B13: Art. 26 bis | C13: Salamanca - Cunlagua | D13: Los Ríos | F13: 11 | J13: 14x14 | K13: 14 | L13: 12
B14: Otro | C14: Salamanca - El Arrayan | D14: Los Lagos | F14: 12 | J14: 15x15 | K14: 15 | L14: 12
C15: Salamanca - El Boldo | D15: Aysén del Gral. Carlos Ibáñez del Campo | F15: 13 | J15: 20x10 | K15: 20 | L15: 9.6
C16: Salamanca - El Palquial | D16: Magallanes y de la Antártica Chilena | F16: 14 | J16: Art.22 inc.2°(4x3) | K16: 4 | L16: 11.25
C17: Salamanca - El Queñe | D17: Metropolitana de Santiago | F17: 15 | J17: Art.22 inc.2°(5x2) | K17: 5 | L17: 9
C18: Salamanca - El Señor De La Tierra | F18: 16 | J18: Art.25 bis | K18: 0 | L18: 0
C19: Salamanca - El Tambo | F19: 17 | J19: Art.26 bis | K19: 0 | L19: 0
C20: Salamanca - El Tebal | F20: 18 | J20: Jornada Parcial | K20: 5 | L20: 6
C21: Salamanca - Huanque | F21: 19 | J21: P.Planta | K21: 20 | L21: 9.6
C22: Salamanca - Jorquera | F22: 20 | J22: Temporal | K22: 5 | L22: 9
C23: Salamanca - La Higuerilla | F23: 21
C24: Salamanca - Las Jarillas | F24: 22
C25: Salamanca - Llimpo | F25: 23
C26: Salamanca - Panguesillo | F26: 24
C27: Salamanca - Peladeros | F27: 25
C28: Salamanca - Quelen Alto | F28: 26
C29: Salamanca - Quelen Bajo | F29: 27
C30: Salamanca - San Agustín | F30: 28
C31: Salamanca - Santa Rosa | F31: 29
C32: Salamanca - Tahuinco | F32: 30
C33: Salamanca - Tranquilla | F33: 31
C34: Salamanca - Zapallar
C35: Illapel
C36: Canela
C37: Los Vilos
C38: Caimanes
C39: Algarrobo
C40: Alhué
C41: Alto Biobío
C42: Alto del Carmen
C43: Alto Hospicio
C44: Ancud
C45: Andacollo
... C380: Zapallar

Sheet Contrato-
A1: EMPRESA | D1: AdC EECC | G1: Responsable RRHH | J1: AdC MLP
A2: Nombre | B2: RUT | C2: Nº CONTRATO | D2: Nombre | E2: Correo | F2: Telefono | G2: Nombre | H2: Correo | I2: Telefono | J2: Nombre | K2: Correo | L2: Telefono
A3: =+#REF! -> #REF! | B3: =+#REF! -> #REF! | C3: 4530032850
